Date,Youtube link,Type,Source,Notes,Example clip
2026/09/12,Nat Explores Tokyo and gets Yakiniku [2026/09/12] T10Nat VOD,Travel,Archives,,
2026/09/08, Emiru and Nat Cosplay and Paint [2026/09/08] T10Nat VOD ,Chatting,Archives,,
2026/09/07,[7 Sep 2026] WHO'S THE BETTER ARTIST? 🎨 MAKING MEMORIES W/ T10Nat ExtraEmily MisterArther 🎨,Chatting,Juliakins,,
2026/09/06,ExtraEmily Takes Nat to try the Best and Worst Burgers of Austin [2026/09/06] T10Nat VOD,Travel,Archives,,
2026/09/05, Juliakins Takes Nat from Chud to Baddie [2026/09/05] T10Nat VOD ,IRL,Archives,,
2026/09/04, Archery with MisterArther and Chandler [2026/09/04] T10Nat VOD ,IRL,Archives,,
2026/09/03, Rock Climbing with MisterArther and Cyr + Reacting to GTA VI Trailer [2026/09/03] T10Nat VOD ,IRL,Archives,,
2026/09/03,[3 Sep 2026] WOULD THE GIRLS SURVIVE AS A GUY? ft. ExtraEmily T10Nat & JuliaKins,Chatting,MisterArther,,
2026/09/02,[2 Sep 2026] WELCOMING A NEW GUEST 🌱 LA RECAP & STORIES 🌱 ft. MisterArther,Chatting,Juliakins,,
2026/08/31,Hot Wings Podcast with Fuslie and JhbTeam [2026/08/31] T10Nat VOD,Chatting,Archives,,
2026/08/30,Building a Boat with Santipulgaz [2026/08/30] T10Nat VOD,IRL,Archives,,
2026/08/28,Going to a Rage Room with Juliakins and MisterArther [2026/08/28] T10Nat VOD,IRL,Archives,,
2026/08/26, Nat goes Shopping and Takes Chat to Dinner [2026/08/26] T10Nat VOD ,IRL,Archives,,
2026/08/24,Insane Asylum Escape Room [2026/08/24] T10Nat VOD,IRL,Archives,,
2026/08/22,Hunting for a Hot Chocolate in LA [2026/08/22] T10Nat VOD,IRL,Archives,,
2026/08/20,"Horror Escape Room with Mookie, Ethero, and Ellum [2026/08/20] T10Nat VOD",IRL,Archives,,
2026/08/18,Meeting Kai Cenat and Selling Rayasianboy's Car with Agent00 [2026/08/18] T10Nat VOD,IRL,Archives,,
2026/08/17, Steakhouse Adventure in Atlanta [2026/08/17] T10Nat VOD ,IRL,Archives,,
2026/08/16,Ulting at the OSCS Rave [2026/08/16] T10Nat VOD,IRL,Archives,,
2026/08/13,Going to Streamer Prom Part 2 [2026/08/13] T10Nat VOD,IRL,Archives,,
2026/08/13, Going to Streamer Prom Part 1 [2026/08/13] T10Nat VOD ,IRL,Archives,,
2026/08/10, Gym with Syanne and Axe Throwing with Ellum [2026/08/10] T10Nat VOD ,IRL,Archives,,
2026/08/09,Dress Shopping for Streamer Prom with KarelessKitty [2026/08/09] T10Nat VOD,IRL,Archives,,
2026/08/08,Planning Future Collabs and Clip Queue [2026/08/08] T10Nat VOD,Chatting,Archives,,
2026/08/06,Learning Wushu from Elinameng and Stanleyymeng [2026/08/06] T10Nat VOD,IRL,Archives,,
2026/08/05,Playing Games with Bonnie [2026/08/05] T10Nat VOD,IRL,Archives,,
2026/08/04,Streamer Games Recap [2026/08/04] T10Nat VOD,Chatting,Archives,,
2026/08/02,Ludwig's Streamer Games Day 2 Team World Wide [2026/08/02] T10Nat VOD,Competition,Archives,,
2026/08/01,Ludwig's Streamer Games Day 1 Team World Wide [2026/08/01] T10Nat VOD,Competition,Archives,,
2026/07/29,Practicing Archery and Getting KBBQ with Cooksux [2026/07/29] T10Nat VOD,IRL,Archives,,
2026/07/27,Storytime for the First Stream in LA [2026/07/27] T10Nat VOD,Chatting,Archives,,
2026/07/25,Nat's in Streamer Games Announcement [2026/07/25] T10Nat VOD,Chatting,Archives,,
2026/07/22,Streamer U Debate Class and League of Legends [2026/07/22] T10Nat VOD,Gaming,Archives,,
2026/07/20,Reacting to Cinna's Class and Streamer U Clips [2026/07/20] T10Nat VOD,Chatting,Archives,,
2026/07/19,Nat goes to Streamer University 2026 (Distance Learning) Part 2 [2026/07/19] T10Nat VOD,Chatting,Archives,,
2026/07/18,Nat goes to Streamer University 2026 (Distance Learning) [2026/07/18] T10Nat VOD,Chatting,Archives,,
2026/07/15,Assassin's Creed Black Flag Resynced Part 3 [2026/07/15] T10Nat VOD,Gaming,Archives,,
2026/07/13,Assassin's Creed Black Flag Resynced Part 2 [2026/07/13] T10Nat VOD,Gaming,Archives,,
2026/07/12,Assassin's Creed Black Flag Resynced Part 1 [2026/07/12] T10Nat VOD,Gaming,Archives,,
2026/07/11,Cleaning Stream Room and Chatting [2026/07/11] T10Nat,IRL,Archives,,
2026/07/10,Cosplaying and Going to SMASH 2026 (Sydney Manga and Anime Show) [2026/07/10] T10Nat VOD,IRL,Archives,,
2026/07/08,Lego Batman Finale [2026/07/08] T10Nat VOD,Gaming,Archives,,
2026/07/06,Reacting to Streamer U + Lego Batman Part 9 + League + Meccha Chameleon [2026/07/06]  T10Nat,Gaming,Archives,,
2026/07/05,Planing for US Trip [2026/07/05] T10Nat VOD,Chatting,Archives,,
2026/07/01,Unboxing and Lego Batman Part 8 [2026/07/01] T10Nat VOD,Gaming,Archives,,
2026/07/01,Nat Teaches New Streamers How to IRL at an Amazon Event [2026/07/01] T10Nat VOD,IRL,Archives,,
2026/06/29,Lego Batman Part 7 [2026/06/29] T10Nat VOD,Gaming,Archives,,
2026/06/28,Lego Batman Part 6 [2026/06/28] T10Nat VOD,Gaming,Archives,,
2026/06/27,Call from Leon and Rainbow 6 Siege Part 3 [2026/06/27] T10Nat VOD,Gaming,Archives,,
2026/06/26,Rainbow 6 Siege Part 2 [2026/06/26] T10Nat VOD,Gaming,Archives,,
2026/06/25,First Time Playing Rainbow 6 Siege Part 1 [2026/06/25] T10Nat VOD,Gaming,Archives,,
2026/06/23,Red Bull Gamer House Part 2 [2026/06/23] T10Nat VOD,Gaming,Archives,,
2026/06/22,Redbull Gamer House with Nat Bubbell Jacque Jacksonfield Jackbuzza and heyimzed [2026/06/22] T10Nat,Gaming,Archives,,
2026/06/20,Jonny Tran and Nat Commentating IDL (International Dance League) in Sydney  [2026/06/20] T10Nat VOD,IRL,Archives,,
2026/06/17,Stories from China and Lego Batman Part 5 [2026/06/17] T10Nat VOD,Gaming,Archives,,
2026/06/11,Playing Valorant with E-Sports Pros [20260611] T10Nat UTD VOD,Gaming,Archives,,
2026/06/10,"Getting Trained with Tck10, Ailincia, and Meg in the Mountains of China Part 2 [2026/06/10] T10Nat",Travel,Archives,,
2026/06/10,"Getting Trained with Tck10, Ailincia, and Meg in the Mountains of China  [2026/06/10] T10Nat VOD",Travel,Archives,,
2026/06/09,Filming Nat's Streamer University Application [2026/06/09] Ailincia VOD,Travel,Archives,,
2026/06/08,Nat Reveals why Riot Sent Her to China [2026/06/08] T10Nat VOD,Chatting,Archives,,
2026/06/06,Shopping in Hongdae with Inneshx Tinastopia and Chrisxsubi [2026/06/06] T10Nat,Travel,Archives,,
2026/06/05,Seoul Drone Show with Tinastopia and Chrisxsubi [2026/06/05] T10Nat,Travel,Archives,,
2026/05/31,LEGO Batman Part 4 [2026/05/31] T10Nat,Gaming,Archives,,
2026/05/30,Redbull Valorant Tourny with NickBeckwith TRASH BoaRoo and fishychair [2026/05/30] T10Nat,Travel,Archives,,
2026/05/27,LEGO Batman Part 3 [2026/05/27] T10Nat,Gaming,Archives,,
2026/05/25,LEGO Batman Part 2 [2026/05/25] T10Nat,Gaming,Archives,,
2026/05/24,LEGO Batman Part 1 [2026/05/24] T10Nat,Gaming,Archives,,
2026/05/23, Directive 8020 Finale [2026/05/23] T10Nat ,Gaming,Archives,,
2026/05/20,Directive 8020 Part 2 [2026/05/20] T10Nat,Gaming,Archives,,
2026/05/18,Directive 8020 Part 1 and Blerps Return [2026/05/18] T10Nat,Gaming,Archives,,
2026/05/16," Trying Kangaroo, Crocodile, and Fancy Desserts with Wolfsbanee and Sebbywebz [2026/05/16] T10Nat VOD ",IRL,Archives,,
2026/05/13,"Reacting to Maya's TED Talk, Wheel Spins, and Pragmata Part 6 [2026/05/13] T10Nat VOD",Gaming,Archives,,
2026/05/12,Gremlin Eats KBBQ and Goes to an Arcade [2026/05/12] T10Nat VOD,IRL,Archives,,
2026/05/09,Storytime: Recognized at a Wedding and Pragmata Part 5 [2026/05/09] T10Nat VOD,Gaming,Archives,,
2026/05/06,Unban Requests and Pragmata Part 4 [2026/05/06] T10Nat VOD,Gaming,Archives,,
2026/05/04,Story-time: Mortal Kombat Interview and Pragmata Part 3 [2026/05/04] T10Nat VOD,Gaming,Archives,,
2026/05/02,Pragmata Part 2 [2026/05/02] T10Nat,Gaming,Archives,,
2026/04/29,Pragmata and MotoGP26 [2026/04/29] T10Nat,Gaming,Archives,,
2026/04/26,T10Nat VOD - Laos and Thailand Recap [2026/04/26],Chatting,Archives,,
2026/04/22,T10Nat VOD - Muay Thai and Pole Dancing in Thailand with hello_kiko and syanne [2026/04/22],Travel,Archives,,
2026/04/21,T10Nat VOD - Animal Cafe in Thailand with hello_kiko and syanne [2026/04/21],Travel,Archives,,
2026/04/19,"T10Nat VOD - Streamer Reunion in Thailand with hello_kiko, Wolfsbanee, and Jinnytty [2026/04/19]",Travel,Archives,,
2026/04/17,T10Nat VOD - Pool Side Snack Time and Laos Stories [2026/04/17],Travel,Archives,,
2026/04/14,T10Nat VOD - Surviving the Water Festival for Laos New Year [2026/04/14],Travel,Archives,,
2026/04/11,T10Nat VOD - Zip Lining and Kayaking in Laos [2026/04/11],Travel,Archives,,
2026/04/08,T10Nat VOD - Night Bus [2026/04/08],Gaming,Archives,,
2026/04/06,T10Nat VOD - Return from Break Stories and The Stalked 3 Demo [2026/04/06],Chatting,Archives,,
2026/03/28,T10Nat VOD - Storytime and Screamer [2026/03/28],Gaming,Archives,,
2026/03/27,T10Nat VOD - IRL Gaming Event [2026/03/27],IRL,Archives,,
2026/03/25,"T10Nat VOD - ExtraEmily's Pi Challenge Results, Birthday Messages, and Lego Bowser [2026/03/25]",Chatting,Archives,,
2026/03/23,T10Nat VOD - ExtraEmily's Pi Challenge Part 2 and Black Myth Wukong Merch Unboxing [2026/03/23],Chatting,Archives,,
2026/03/22,T10Nat VOD - Chilla's Art: Radio Station [2026/03/22],Gaming,Archives,,
2026/03/21,T10Nat VOD - Silver Play Button Arrives!! Birthday Messages [2026/03/21],Chatting,Archives,,
2026/03/18,T10Nat VOD - COD Tournament and Sydney IRL [2026/03/18] ,IRL,Archives,,
2026/03/15,T10Nat VOD - ExtraEmily's Pi Challenge Memorization Part 1 and Lego Bowser [2026/03/15],Chatting,Archives,,
2026/03/14,T10Nat VOD - ExtraEmily's Pi Challenge Received and Lego Bowser [2026/03/14],Chatting,Archives,,
2026/03/11,T10Nat VOD - Resident Evil Requiem Finale [2026/03/11] ,Gaming,Archives,,
2026/03/09,T10Nat VOD - Resident Evil Requiem Part 6 [2026/03/09],Gaming,Archives,,
2026/03/08,T10Nat VOD - Resident Evil Requiem Part 5 [2026/03/08],Gaming,Archives,,
2026/03/07,T10Nat VOD - F1 Recap and Resident Evil Requiem Part 4 [2026/03/07],Gaming,Archives,,
2026/03/05,T10Nat VOD - F1 Experience with Redbull [2026/03/05] ,IRL,Archives,,
2026/03/04,T10Nat VOD - Resident Evil Requiem Part 3 and Lego Bowser [2026/03/04],Gaming,Archives,,
2026/03/01,T10Nat VOD - Resident Evil Requiem Part 2 and Birthday Messages [2026/03/01],Gaming,Archives,,
2026/02/28,T10Nat 2026 Subathon Finale - Resident Evil Requiem Part 1 [2026/02/28] ,Gaming,Archives,,
2026/02/26,robcdee VOD - Exploring Ueno with T10Nat [2026/02/26],Travel,Archives,,
2026/02/26,T10Nat 2026 Subathon Japan Day 8 - Collab with Gaijira Gogoborgor and Sammit [2026/02/26],Travel,Archives,,
2026/02/20,T10Nat 2026 Subathon Japan Day 7 - Exploring Tokyo with Zumi [2026/02/20],Travel,Archives,,
2026/02/19,T10Nat  2026 Subathon Japan Day 6 - IRL in Osaka and Arcades [2026/02/19],Travel,Archives,,
2026/02/15,T10Nat 2026 Subathon Japan Day 5 - Osaka Catch Up Chat and Claw Machine Haul [2026/02/15] ,Travel,Archives,,
2026/02/12,T10Nat  2026 Subathon Japan Day 4 - Hokkaido Ice Village [2026/02/12],Travel,Archives,,
2026/02/11,T10Nat  2026 Subathon Japan Day 3 - 100k on Youtube Chat and Ice Village Preview [2026/02/11],Travel,Archives,,
2026/02/06,T10Nat 2026 Subathon Japan Day 2 - Chocolate Factory and More Snow Sculptures [2026/02/06],Travel,Archives,,
2026/02/05,T10Nat 2026 Subathon Japan Day 1 - Exploring Sapporo and Snow Sculptures [2026/02/05],Travel,Archives,,
2026/02/03,T10Nat 2026 Subathon Day 12 - Packing for Japan [2026/02/02] ,Subathon,Archives,,
2026/02/02,"T10Nat 2026 Subathon Day 11 Part 1 - KBBQ, Shopping, and Lego Bowser [2026/02/02]",Subathon,Archives,,
2026/02/02,T10Nat 2026 Subathon Day 11 Part 2 - Lego Bowser and Editing [2026/02/02] ,Subathon,Archives,,
2026/02/01,T10Nat 2026 Subathon Day 10 - Sydney Fish Market [2026/01/31] ,Subathon,Archives,,
2026/01/31,"T10Nat 2026 Subathon Day 9 - Fancy Dinner GRWM, Lego Bowser, and Editing [2026/01/31] ",Subathon,Archives,,
2026/01/30,T10Nat 2026 Subathon Day 8 Part 1 - Confessions and Muzzing Tutorial [2026/01/29] ,Subathon,Archives,,
2026/01/30,T10Nat 2026 Subathon Day 8 Part 2 - Lego Bowser and Editing [2026/01/29] ,Subathon,Archives,,
2026/01/29,T10Nat 2026 Subathon Day 7 Part 1 - Confessions Cont. and Ordering Chinese Takeout [2026/01/29],Subathon,Archives,,
2026/01/29,"T10Nat 2026 Subathon Day 7 Part 2 - Dinner with Cake, Confessions, and Editing [2026/01/29] ",Subathon,Archives,,
2026/01/28,T10Nat 2026 Subathon Day 6 Part 1 - Crashout and MSI BTS [2026/01/27] ,Subathon,Archives,,
2026/01/28,"T10Nat 2026 Subathon Day 6 Part 2 - Confessions, Lego Bowser, Editing [2026/01/27] ",Subathon,Archives,,
2026/01/27,"T10Nat 2026 Subathon Day 5 - Whiskey Delivered, Hungry Jacks Run, and Editing [2026/01/27] ",Subathon,Archives,,
2026/01/26,"T10Nat 2026 Subathon Day 4 Part 1 - Dragon Tat, Games with Chat, and Making Lasagna [2026/01/25] ",Subathon,Archives,,
2026/01/26,"T10Nat 2026 Subathon Day 4 Part 2 - Gojo Tat, Eating Lasagna, and Editing [2026/01/25] ",Subathon,Archives,,
2026/01/25,T10Nat 2026 Subathon Day 3 Part 1 - AMA Cont. and E-Girl Makeup [2026/01/25],Subathon,Archives,,
2026/01/25,T10Nat 2026 Subathon Day 3 Part 2 - E-girl Nat Geo and Editing [2026/01/25],Subathon,Archives,,
2026/01/24,T10Nat 2026 Subathon Day 2 Part 1 - AMA and KBBQ IRL [2026/01/23],Subathon,Archives,,
2026/01/24,T10Nat 2026 Subathon Day 2 Part 2 - AMA Cont. [2026/01/23] ,Subathon,Archives,,
2026/01/23,T10Nat 2026 Subathon Day 1 Part 1 - Subathon Starts![2026/01/23],Subathon,Archives,,
2026/01/23,T10Nat 2026 Subathon Day 1 Part 2 - Games With Chat and Editing [2026/01/23],Subathon,Archives,,
2026/01/21,SUBATHON NEXT STREAM FRI SAT NEW TABLE IS HERE!! [2026/01/22],IRL,Archives,,
2026/01/19,SHORT STREAM PREPPING FOR SUBATHON | !subathon !yt,Chatting,T10Main,,
2026/01/18,IRL Finding a Gift for my Neighbours | Subathon in a few days !yt,IRL,Archives,,
2026/01/17,WEATHERS ARRSE. STRESSFUL HOUSE CLEANS.,IRL,T10Main,,
2026/01/12,SHORT STREAM 🌸 BASED ON A TRUE STORY INDIE HORROR 😭,Gaming,T10Main,,
2026/01/11,LEGO BUILDING 🌸🌳SAKURA TREE  AND MINI LEGO DECOR,IRL,T10Main,,
2026/01/10,😱FINISHING SILENT HILL F  SUBATHON SOMETIME THIS MONTH !yt,Gaming,T10Main,,
2026/01/10,Silent Hill f Gameplay [Part 4],Gaming,,,
2026/01/07,͏🍝 COOKING MY 1ST MEAL WITH BARELY ANYTHING IN MY NEW PLACE ͏🍝 BUILDING A TABLE WITH CHAT 🔥HELP NOT TO BURN THE TABLE !YT,IRL,T10Main,,
2026/01/05,🥳 HAPPY NEW YEAR! 🎉 1ST STREAM OF 2026 🐀 TY FOR THE HOUSE GIFTS Part 1,Chatting,T10Main,,
2026/01/05,🥳 HAPPY NEW YEAR! 🎉 1ST STREAM OF 2026 🐀 TY FOR THE HOUSE GIFTS Part 2,Gaming,T10Main,,
2025/12/29,😭I'M SICK | Installing my PC Display Screen !throne,IRL,T10Main,,
2025/12/26,🎄Building my 1st Ginger Bread House 🍪🍪in my NEW Goon Cave 🦇  !socials,IRL,T10Main,,
2025/12/22,ANNOUNCEMENT! New Place! Unboxing GIFT?  Horror Game?! !socials,Gaming,T10Main,,
2025/12/22,Silent Hill f Gameplay [Part 3],Gaming,,,
2025/12/21,HUGE NEWS! NEW PLACE! NEW ROOM! IT'S ONLY UP FOR MILHOUSE !socials,Chatting,T10Main,,
2025/12/17,IRL HOT AF DOWN UNDER 😭 | CRAZY STORIES TO SHARE !yt,IRL,T10Main,,
2025/12/15,[MAX SETTINGS] SILENT HILL F Let's Play Pt.2 | NEW YOUTUBE VIDEO !yt,Gaming,T10Main,,
2025/12/15,Silent Hill f Gameplay [Part 2],Gaming,,,
2025/12/14,UNBOXING?! | SILENT HILL F Let's Play | 3 New YouTube Videos !yt,Gaming,T10Main,,
2025/12/14,Silent Hill f Gameplay [Part 1],Gaming,,,
2025/12/13,HUGE ANNOUNCEMENT + HIGHLIGHTS OF THE US ARC.ppt [Recap] | OTV Guest !yt,Chatting,T10Main,,
2025/12/11,missing ([THE GAME AWARDS] S+ GAMER + PREV GAME DEV | Let's Chat),Chatting,,,
2025/12/10,🦘 OUTSIDE UNFORTUNATELY FK🌞KENDRICK LAMAR BOX TICKETD DA FOQ 🍜,IRL,T10Main,,
2025/12/08,🦘 HELP IM OUTSIDE eWW🌞Asian Food 🍜 !youtube !instagram Raech 100k?!,IRL,T10Main,,
2025/12/07,🟨The Last Chapter of 'Dispatch'🟨Indie Horror Games are Back! 🟨 !youtube !instagram Raech 100k?!,Gaming,T10Main,,
2025/12/07,Dispatch Gameplay [Part 4],Gaming,,,
2025/12/06,🟨REACTING TO THE STREAMER AWARDS 🟨 WHAT'S HAPPENING NOW?! !msi Part 1,Chatting,T10Main,,
2025/12/06,🟨REACTING TO THE STREAMER AWARDS 🟨 WHAT'S HAPPENING NOW?! !msi Part 2,Chatting,T10Main,,
2025/12/06,🟨REACTING TO THE STREAMER AWARDS 🟨 WHAT'S HAPPENING NOW?! !msi Part 3,Chatting,T10Main,,
2025/12/06,Dispatch Gameplay [Part 3],Gaming,,,
2025/12/03,I CAN BREATHE IN SYDNEY. XMAS MARKETS TIME?!🦘,IRL,Archives,,
2025/11/30,Last Day in the US | Los Angeles IRL,IRL,VODs,,
2025/11/26,Texas BBQ w/ danioskam | Collab,Travel,,,
2025/11/25,LEARNING TO COOK KOREAN DINNER WITH @HACHUBBY,IRL,Archives,,
2025/11/25,Cooking Korean Food w/ hachubby and quqco | Collab,IRL,,,
2025/11/24,Paintball in Austin w/ Friends | Collab,IRL,,,
2025/11/23,Esfand Friendsgiving!! | Esfand Live 11/23/2025,IRL,Esfand,,
2025/11/22,Bonnie 20251122 ⭐ WE HERE! REACTS + STREAMER AWARD VOTES + STREAMER AWARDS DRESS + DISPATCH,IRL,Bonnie,,
2025/11/21,"😭CRYIN IN AMONG US w/ VALKYRAE, TOAST, SYKKUNO, FUSLIE, SUNNY,  RYAN HIGA, BLAU, BROOKE, TUBBO",Gaming,T10Main,,
2025/11/21,Among Us w/ Friends AGAIN | Collab,Gaming,,,
2025/11/20,LAST 9 DAYS IN THE US | DISPATCH EPISODE 4|  TEA TIME😭😭,Gaming,T10Main,,
2025/11/20,Nat Crashes Out | Just Chatting,Chatting,,,
2025/11/20,Dispatch Gameplay [Part 2],Gaming,,,
2025/11/18,Making Christmas Decorations w/ fukura____ | Collab,IRL,,,
2025/11/17,Ice Hockey w/ Blau and ExtraEmily | Collab,IRL,,,
2025/11/13,Play by Play Commentary of newbie in Battlefield 6 REDSEC #ad #sponsored #battlefield Part 2,Gaming,T10Main,,
2025/11/13,Play by Play Commentary of newbie in Battlefield 6 REDSEC #ad #sponsored #battlefield Part 3,Gaming,T10Main,,
2025/11/13,Play by Play Commentary of newbie in Battlefield 6 REDSEC #ad #sponsored #battlefield,Gaming,T10Main,,
2025/11/13,Among Us w/ Friends Again | Collab,Gaming,,,
2025/11/11,Escape Room w/ ellum and fuslie | Collab,IRL,,,
2025/11/10,🟡 1ST TIME DISPATCH. Blind AF Play | 2 IRL Streams coming up !Collabs,Gaming,T10Main,,
2025/11/10,Dispatch Gameplay [Part 1],Gaming,,,
2025/11/09,🟨 SHOULD I STAY LONGER? 🟨 WHEN WE GOING AUSTIN? 🥳 Games w/ Friends? Dispatch 🟥 Part 1,Gaming,T10Main,,
2025/11/09,🟨 SHOULD I STAY LONGER? 🟨 WHEN WE GOING AUSTIN? 🥳 Games w/ Friends? Dispatch 🟥 Part 2,Gaming,T10Main,,
2025/11/09,"RV There Yet w/ Ellum, Sykkuno, and RayC | Collab",Gaming,,,
2025/11/08,Among Us Lobby w/ Ellum and Others | Collab,Gaming,,,
2025/11/07,1st Time in Hollywood | Los Angeles IRL,Travel,,,
2025/11/04,Santa Monica Anime Episode and Escape Room w/ Klats | Los Angeles IRL,Travel,,,
2025/11/04,Vangard VOD 2025-11-04 MUSCLE BEACH AND SANTA MONICA W t10nat,Travel,Klats,,
2025/11/01,RP in Battlefield 6 REDSEC | Sponsor,Gaming,,,
2025/10/29,Streamer Award Nominations and Reacting to Haunted Collab | Just Chatting,Chatting,,,
2025/10/28,"Partner Anniversary and 17th Door w/ExtraEmily, CarolineKwan, LinstantNoodles | Los Angeles IRL",IRL,,,
2025/10/26,Cooking w/ Seanic and Brodin | Los Angeles IRL,IRL,VODs,,
2025/10/26,Jurassic World Evolution 3 | Sponsor,Gaming,,,
2025/10/24,Escape Room Collab | Los Angeles IRL,IRL,,,
2025/10/22,"6 Asian Girls, 1 Survivor Collab | Los Angeles IRL",IRL,,,
2025/10/19,Jinnytty VOD: HUNGOVER TWITCHCON DAY 3 : ESCAPE ROOM AND TOETHUMB DINER EVENT 2025 10 19,IRL,Jinnytty,,
2025/10/18,Day 2 of Twitch Con | San Diego IRL,IRL,VODs,,
2025/10/17,Day 1 of Twitch Con w/ Tina and Gil | San Diego IRL,IRL,VODs,,
2025/10/15,First Day in America before Twitch Con | Los Angeles IRL,Chatting,VODs,,
2025/10/11,missing (Last Stream in Australia then US for 2 months!!!),,,,
2025/10/09,missing (IRL Pax Con w/ Degen @bubbell before LA),,,,
2025/10/06,POBox Gifts + [Day 2] Ghost of Yotei BEST GRAPHICS Gameplay PS5 (Last Day before PAX),Gaming,T10Main,,
2025/10/04,Unboxing the CODNext w/ a $1.5k GIFT?! Spilling Tea and Plans for October Ghost of Yotei #ad!!,Gaming,T10Main,,
2025/09/30,Call of Duty: Black Ops 7 | Sponsor,Gaming,,,
2025/09/28,Natgeo in a Polaris in the Desert | Las Vegas IRL,Travel,VODs,,
2025/09/24,1 Stream in Australia THEN Las Vegas ✈️ | Insane Indie Horror Game,Gaming,T10Main,,
2025/09/22,missing (IRL Last Day In Melbourne! Cooking blind deaf and mute),IRL,,,
2025/09/22,23 Sep 2025 | AUSTRALIA 🇦🇺 Last Day :c | Blind Deaf Mute Cooking with @T10Nat @mewmelodys,IRL,Zumi,,
2025/09/21,Building A SURVIVAL  Raft to NOT Drown 🏊 !goal I can't swim w⁄ zumi [2025/09/21],IRL,Archives,,
2025/09/20,Kid napped to become an alcoholic off to a winery @mewmelodies @zumi [2025/09/20],Travel,Archives,,
2025/09/19,Exploring Melbourne with Zumi [2025/09/19],Travel,Archives,,
2025/09/17,missing (I Gotta Pack! -> Tales Beyond the Tomb maybe? | Short Stream before Going to Melb ✈️),,,,
2025/09/15,DON'T Let them in ✟ 1 more Stream till 1 Week IRL Collab in Melbourne,Gaming,T10Main,,
2025/09/15,Tales Beyond The Tomb: The Farm's Secret (I broke the game),Gaming,,,
2025/09/15,"Who Do I LET IN?! | No, I'm Not A Human",,,,
2025/09/14,Horror Play as a SURVIVOR [True Story] ✟ 2 Streams till 1 Week IRL Collab in Melbourne,Gaming,T10Main,,
2025/09/13,✅Drops + 3x Key Giveaways on Twitch🎮Gremlin tries Borderlands 4 | #2KPartner !BL4,Gaming,T10Main,,
2025/09/10,missing (NEW PC FINALLY! IT'S A NEW ERA FOR T10NAT | !SUBT !PC),,,,
2025/09/07,missing (͏Reviewing Clips of the IED Build of a PC | Cleaning Room for New PC!  | !pc),,,,
2025/09/06,missing (IRL Building My 1st DREAM BOMB OF A PC w/ @fishychair | !pc),IRL,,,
2025/09/05,missing (Peak in Climbing & Cooking w/ Continental Cup-A-Pasta?! | #AD !CupAPasta | t10Yes in chat),,,,
2025/09/03,Last Stream with the PC? 7K Dono Hit! 💥 Silent Hill Short Horror PS5 Game. part 1,Gaming,T10Main,,
2025/09/03,Last Stream with the PC? 7K Dono Hit! 💥 Silent Hill Short Horror PS5 Game. part 2,Gaming,T10Main,,
2025/08/31,missing (My PC Is FRIED 💀 PC Dono Goal + PPT funeral for it !pc !tip),,,,
2025/08/30,[IRL] GREMLIN GOES OUTSIDE TO SEE @kwoli @trash and Barnold | PC IS BROKEN | !pc !cc,IRL,,,
2025/08/29,missing (My PC is PEAKING! Send Help | Bonus Stream),,,,
2025/08/27,missing (New Fears to Fathom Styled Game?! | Stream till PC Crashes),,,,
2025/08/25,F's in Chat for My PC holding for DEAR LIFE → Indie Horror?!,Gaming,T10Main,,
2025/08/24,ONE OF MY FAVOURITE GAME SERIES!! | Bendy: Lone Wolf !socials,Gaming,T10Main,,
2025/08/23,Chat Made Me Draw A Hot Anime Girl...,Gaming,,,
2025/08/20,I HATE Horror Games. btw Indie Horror Games Today 😭 !games,Gaming,T10Main,,
2025/08/20,"No, I'm Not A Human | VA Gameplay T10Nat VOD",,,,
2025/08/20,Another Fears to Fathom Styled Game!?! | T10Nat VOD,,,,
2025/08/18,Finishing Sleeping Dogs! /̸̅̅ ̆̅ ̅̅ ̅̅ End of A Great Game 😭 !socials,Gaming,T10Main,,
2025/08/18,Ending Reaction to Sleeping Dogs [Part 9],,,,
2025/08/17,If Dumb and Dumber were in Peak w/ Zumi,Gaming,,,
2025/08/16,Homeless Gremlin Goes to Car Show [IRL],IRL,,,
2025/08/13,A Game Dev and a Migration Officer Meet ...,IRL,,,
2025/08/13,missing (hello_kiko pt 2),,,,
2025/08/11,missing (IRL at the Carnival w/ New Friends @tinastopia @meovvae !socials),,,,
2025/08/10,missing (Meeting a New Friend in Brisbane - IRL tomorrow @tinastopia),,,,
2025/08/09,FIRST EVER BATTLE FIELD GAMEPLAY (BF6) 🎉3 keys giveaway | #ad,Gaming,T10Main,,
2025/08/09,FIRST EVER BATTLE FIELD GAMEPLAY (BF6) 🎉3 keys giveaway | #ad,Gaming,T10Main,,
2025/08/07,IT'S A NEW DAWN LADS. 🎉Mafia: The Old Country | #ad | leave a twitch tab to support too please!,Gaming,,,
2025/08/06,Ni Hao Fyne Shiet | Sleeping Dogs Classic | [Day 8] !socials,Gaming,T10Main,,
2025/08/06,Sleeping Dogs First Time Gameplay [Part 8],,,,
2025/08/06,Peak and Vibing W/ Chat,Gaming,,,
2025/08/03,2 Australians vs Peak. w/ SunnySideJack,Gaming,,,
2025/08/03,Peak Collabs Day 7 !socials,Gaming,T10Main,,
2025/08/03,Sleeping Dogs First Time Gameplay [Part 7],Gaming,,,
2025/08/02,BUSY MONTH FOR US 😭 | Sleeping Dogs [Day 6] !socials,Gaming,T10Main,,
2025/08/02,Sleeping Dogs First Time Gameplay [Part 6],Gaming,,,
2025/07/31,Blindfolded and Cuffed and CHAINED yesterday 😭 | Sleeping Dogs [Day 5] !socials,Gaming,T10Main,,
2025/07/31,Sleeping Dogs First Time Gameplay [Part 5],Gaming,,,
2025/07/28,Playing A Classic | Sleeping Dogs [Day 4] !video,Gaming,T10Main,,
2025/07/28,Sleeping Dogs First Time Gameplay [Part 4],Gaming,,,
2025/07/26,Sleeping Dogs First Time Gameplay [Part 3],Gaming,,,
2025/07/24,I Like Physics on Hot Chick 👀 [WUCHANG Fallen Feathers] [Day 2],Gaming,T10Main,,
2025/07/23,I see Hot Chick? I Click 👀 [WUCHANG Fallen Feathers] 𓆰 No Degen Look 2day.,Gaming,T10Main,,
2025/07/21,Sleeping Dogs First Time Gameplay [Part 2],Gaming,,,
2025/07/20,Sleeping Dogs First Time Gameplay [Part 1],Gaming,,,
2025/07/19,missing (Australian Reporter🧍‍♀️ Interviewing Creators at The Film Festival 😮 🎤 !IRL w/ @simonsway),,,,
2025/07/16,missing (I'm Going To Crash Out 💀 -> Indie Horror Games),,,,
2025/07/14,missing (Saving Kangaroo's in DS2!),,,,
2025/07/13,missing (IRL Soon? + 3 x Indie Horror Games),,,,
2025/07/12,missing (Im struggling bro),,,,
2025/07/09,missing (Feeling Death -> [Day 4] Death Stranding 2 !sick),,,,
2025/07/07,missing (YOU LIED. IT'S NOT A WALKING SIMULATOR [Day 3] Death Stranding 2 !sick Ty ps for the game!),,,,
2025/07/06,missing (IM SICK Cozy Yapping x Screaming in [Day 2] Death Stranding 2 !sick),,,,
2025/07/02,missing (⛰️ RP'ing in PEAK -> 🚶 [Day 2] Death Stranding 2),,,,
2025/07/01,missing (I got Gifted Merch + Stories to Share -> Death Stranding 2 Gameplay [Day 1] Ty Playstation!!!),,,,
2025/06/25,Meongdong Stream | Korea IRL,Travel,,,
2025/06/22,Hongdae Stream | Korea IRL,Travel,,,
2025/06/18,missing (Help me Pack For 1st Time in Korea),,,,
2025/06/16,"Clair Obscur: Expedition 33 (Part 23) | T10Nat Playthrough, Reaction, Fights Expert x Parry Only",Gaming,,,
2025/06/15,"Clair Obscur: Expedition 33 (Part 22) | T10Nat Playthrough, Reaction, Fights Expert x Parry Only",Gaming,,,
2025/06/14,"Clair Obscur: Expedition 33 (Part 21) | T10Nat Playthrough, Reaction, Fights Expert x Parry Only",Gaming,,,
2025/06/11,"Clair Obscur: Expedition 33 (Part 20) | T10Nat Playthrough, Reaction, Fights Expert x Parry Only ",Gaming,,,
2025/06/08,"Clair Obscur: Expedition 33 (Part 19) | T10Nat Playthrough, Reaction, Fights Expert x Parry Only",Gaming,,,
2025/06/07,"Clair Obscur: Expedition 33 (Part 18) | T10Nat Playthrough, Reaction, Fights Expert x Parry Only",Gaming,,,
2025/06/04,"Clair Obscur: Expedition 33 (Part 17) | T10Nat Playthrough, Reaction, Fights Expert x Parry Only",Gaming,,,
2025/06/02,"Clair Obscur: Expedition 33 (Part 16) | T10Nat Playthrough, Reaction, Fights Expert x Parry Only",Gaming,,,
2025/06/01,"Clair Obscur: Expedition 33 (Part 15) | T10Nat Playthrough, Reaction, Fights Expert x Parry Only",Gaming,,,
2025/05/31,"Clair Obscur: Expedition 33 (Part 14) | T10Nat Playthrough, Reaction, Fights Expert x Parry Only",Gaming,,,
2025/05/28,"Clair Obscur: Expedition 33 (Part 13) | T10Nat Playthrough, Reaction, Fights Expert x Parry Only",Gaming,,,
2025/05/26,"Clair Obscur: Expedition 33 (Part 12) | T10Nat Playthrough, Reaction, Fights Expert x Parry Only",Gaming,,,
2025/05/25,"Clair Obscur: Expedition 33 (Part 11) | T10Nat Playthrough, Reaction, Fights Expert x Parry Only",Gaming,,,
2025/05/24,"Clair Obscur: Expedition 33 (Part 10) | T10Nat Playthrough, Reaction, Fights Expert x Parry Only",Gaming,,,
2025/05/21,missing (Worst Day Unemployed Gooner Leaves House-> Cat Cafe -> Podcast x Gaming Collab w/ @back_pocket),,,,
2025/05/21,Delivering Fake News At All Costs w/@T10Nat | Back Pocket Tonight,IRL,back_pocket,,
2025/05/19,"Clair Obscur: Expedition 33 (Part 9) | T10Nat Playthrough, Reaction, Fights Expert x Parry Only",Gaming,,,
2025/05/18,"Clair Obscur: Expedition 33 (Part 8) | T10Nat Playthrough, Reaction, Fights Expert x Parry Only",Gaming,,,
2025/05/17,"Clair Obscur: Expedition 33 (Part 7) | T10Nat Playthrough, Reaction, Fights Expert x Parry Only",Gaming,,,
2025/05/14,"Clair Obscur: Expedition 33 (Part 6) | T10Nat Playthrough, Reaction, Fights Expert x Parry Only",Gaming,,,
2025/05/11,[2025-MAY-11] MOTHER'S DAY❗ [DAY 4] Expedition 33 Expert X PS5👨‍🦯 | Plans for May,Gaming,,,
2025/05/11,"Clair Obscur: Expedition 33 (Part 5) | T10Nat Playthrough, Reaction, Fights Expert x Parry Only",Gaming,,,
2025/05/07,[2025-MAY-08]❗ [DAY 3] Expedition 33 Expert Difficulty [PS5]👨‍🦯 | ❗ No Spoilers! ❗yt W,Gaming,,,
2025/05/05,[2025-MAY-06] ❗ [DAY 2] Expedition 33 Scream Playthru 👨‍🦯 | ❗ No Spoilers! ❗ NEW YT VI,Gaming,,,
2025/05/04,❗ [DAY 1] Expedition 33 Blind Playthru 👨‍🦯 | ❗ No Spoilers! ❗ 30K on IG!!! 🎉,Gaming,,,
2025/05/03,RECAPPING WTF HAPPENED IN APRIL?! Clip Reacts + Photos + Videos 🛬,Chatting,,"Notable Links: Nat DMs, Magikarp DM ",
2025/04/29,Last Day in Japan | Japan IRL,Travel,,,
2025/04/26,Last Car Meet | Japan IRL,Travel,,,
2025/04/25,"Tokyo w/ Arrav, Vangard, Wakewilder | Japan IRL",Travel,,,
2025/04/24,"Kyoto w/ Arrav, Vangard, Wakewilder | Japan IRL",Travel,,,
2025/04/22,Daikoku Car Meet | Japan IRL,Travel,,,
2025/04/21,Lost Gaijin looking for friends | !DR vid at 4.2m wtf??!!,Travel,,,
2025/04/19,EBISU DRIFT CIRCUIT?! MEETING A NEW FRIEND SAMMIT? @Vangard ,Travel,,,
2025/04/18,FISHING FOR MY OWN DINNER?! Japan w/ @bubbell @vangard,Travel,,,
2025/04/14,Aussies Dominating Arcade Games in JAPAN w/ @bubbell !tips to keep accomm,Travel,,,
2025/04/14,Kimono Nat in Asakusa JAPAN! I feel so unwell. 😭😭 short stream i need sleep ,Travel,,,
2025/04/12,Tokyo Car Meet | Japan IRL,Travel,,,
2025/04/11,AKIHABARA CAR MEET IN TOKYO! CAN WE GET IN A NISSAN SKYLINE?,Travel,,,
2025/04/10,Muscle Guy Bar | Japan IRL,Travel,,,
2025/04/09,"Adventures w/ Arrav, Vangard, Joeykaotyk | Japan IRL",Travel,,,
2025/04/06,Pig Cafe w/ Yoshimyan | Japan IRL,Travel,,,
2025/04/05,First Day in Japan | Japan IRL,Travel/Gaming,,,
2025/04/03,Collab w/ Kiaraakitty | Singapore IRL,Travel,,,
2025/04/02,Safari Collab | Singapore IRL,Travel,,,
2025/04/01,April Fools | Singapore IRL,Travel,,,
2025/03/30,Packing for Singapore and Japan ✈️ [Inzoi]'ted to build a house! 🏠 35% off Gifted 5!!,Gaming,,,
2025/03/29,I'm [Inzoi]de a game! I can live outside my shipping container | !Ratletter | New YouTube Video !New,Gaming,,,
2025/03/26,Mum I'm in a game? INZOI Character Creation Time!| !Ratletter | New YouTube Video !NewVid,Gaming,,,
2025/03/23,missing (Bread Winner or House Wife? Neither 😭| !Ratletter | New YouTube Video !NewVid),,,,
2025/03/22,"If I wasn't a streamer, I would be a crime scene cleaner 😭| !Ratletter | New YouTube Video !NewVi",Gaming,,,
2025/03/19,"If I wasn't a streamer, I would be a crime scene cleaner 😭| !Ratletter | New YouTube Video !NewVi",Gaming,,,
2025/03/17,🎉Split Fiction w/ @marisnot12 😭| NEW !RATLETTER | NEW YOUTUBE !YT,Gaming,,,
2025/03/16,🎉ANNOUNCEMENT! - SAVE ME FROM THIS GAME 😭  - NEW !RATLETTER | NEW YOUTUBE !YT,Gaming,,,
2025/03/13,R.E.P.O W/ NEW FRIENDS!,Gaming,,,
2025/03/12,A Way Out (One of my TOP games EVER played!) w/ Sebbywebz,Gaming,,,
2025/03/10,I MEET @marisnot12 w/ Split Fiction - MHW w/ @wolfsbanee !reddit,Gaming,,,
2025/03/08,Monster Hunter Wilds Gameplay (Pt 4) Let's Play,Gaming,,,
2025/03/05,Monster Hunter Wilds Gameplay (Pt 3) | T10Nat VOD,Gaming,,,
2025/03/03,Monster Hunter Wilds Gameplay (Pt 2) | T10Nat VOD,Gaming,,,
2025/03/02,Monster Hunter Wilds Gameplay (Pt 1) | T10Nat VOD,Gaming,,,
2025/03/01,missing ([IRL] Brunch date 📅 Story times),,,,
2025/02/26,missing (Let's Play! Indie Horror Series today! !Fish | Birthday Stream Celebration next week!),,,,
2025/02/24,missing (Unboxing HUGE gift + Indie Horror Series Let's Play! | !yt !tt !ig),,,,
2025/02/22,missing ([IRL] Making Pottery w/ Friends in Sydney!  !yt !tt !ig),,,,
2025/02/19,missing (Living the Dream. Poppy Playtime Chapter 4! !yt !tt !ig),,,,
2025/02/18,missing (BACK FROM THAILAND! -> Opening Packages -> Poppy Playtime Chapter 4! !yt !tt !ig),,,,
2025/02/13,Valentines Day | Thailand IRL ,Travel,,,
2025/02/10,Exploring Bangkok | Thailand IRL ,Travel,,,
2025/02/06,Chillva Night Market in Phuket | Thailand IRL ,Travel,,,
2025/02/04,Lunar NY Festival w/ Jinnytty | Thailand IRL ,Travel,,,
2025/02/04,Phuket Lunar New Year Festivities Thailand 2025 02 04,Travel,Jinnytty,,
2025/02/02,GRWM in Phuket | Thailand IRL,Travel,,,
2025/01/30,1st Day in Singapore✌️ IRL ChinaTown and Sentosa | check new !yt,Travel,,,
2025/01/27,Late Shift - Movie esc game,Gaming,,,
2025/01/26,ALL DEATHS BY WENDIGO - A Game that looks like a movie?! | So Close to 60k!!! | !yt,Gaming,,,
2025/01/22,Until All Are Gawn| Different Choices,Gaming,,,
2025/01/20,[IRL] POV: You're Vitamin D Deficient in Sydney | !yt,IRL,,,
2025/01/19,Until Dawn P2 of 2,Gaming,,,
2025/01/18,Until Dawn Gameplay P1,Gaming,,,
2025/01/13,Rat Shaker,Gaming,,fragment,
2025/01/12,First Playthru FireWatch | We Monetised on YT NOW!!!,Gaming,,,
2025/01/03,Last few hours Subathon 2024 Part 1/2 (Part 1/2) ,Subathon,,,
2025/01/03,Last few hours Subathon 2024 Part 2/2,Subathon,,,
2024/12/26,missing (2024 subathon),,,,
2024/12/23,missing (🎉WRAPPING GIFTS FOR CHRISTMAS 🎉 2 NEW YT ▶️ Videos!!! 🎉!subathon),,,,
2024/12/22,missing (Playing Shitty to Good Indie Horror 🎉New ▶️ YouTube Video),,,,
2024/12/21,missing (National Short Person Day But I'm 6'4. 🎉New ▶️ YouTube Video),,,,
2024/12/18,missing (CLEANING MY ROOM. NATMONGOLD SPECIAL),,,,
2024/12/16,"HL:🎉SURVIVING AUSSIE HEAT 🦘🎉 JBBQ, Gifts for my siblings ?!| !vote !yt !ig",IRL,,,
2024/12/15,HL: 🎉BACK DOWN UNDER🦘🎉,,,,https://www.twitch.tv/t10nat/clip/AnimatedCogentCormorantVoHiYo-jiK3zg2l-KqhuQwd
2024/12/14,"HL 🎉I'M BACK HOME CELEBRATION STREAM!!! 🦘🎉 Highlights, Clips, Photos | !vote !yt !ig",Chatting,,,
2024/12/10,[2024-12-10] HANGING OUT WITH T10NAT :D!! USA VS AUSTRALIA JEOPARDY! [FUSLIE TWITCH VOD],Chatting,Fuslie,,
2024/12/10,HL: LAST DAY FOR MY GREEN CARD AT VENICE BEACH W/ @Officedrummer @arrav @sebbywebz !guest,Travel,,,
2024/12/09,HL: DRAGGING MY FRIENDS TO THE BEACH 😏🏖️ !socials !guests,Travel,,,
2024/12/06,HL: PANIC DRESS SHOPPING FOR STREAMER AWARDS @linstantnoodles @arrav @sebbywebz !yt !socials,IRL,,,
2024/12/03,HL: Escaping Deportation 101 !yt !socials,IRL,,,
2024/11/30,HL: 5 days left in Austin. !yt !socials (Part 1/2),IRL,,,
2024/11/30,HL: 5 days left in Austin. !yt !socials (Part 2/2),IRL,,,
2024/11/28,HL: Painting the WoW Tent @Mizkif b4 thanksgiving @sebbywebz @arrav !new,IRL,,,
2024/11/27,Dinner with Sebbywebz Arrav and T10Nat,IRL,Sebbywebz,,
2024/11/27,Shooting Guns with Arrav and T10Nat in Texas - IRL VOD,Travel,Sebbywebz,,
2024/11/26,HL: REINSTALLING @MIZKIF DOOR FINALLY. GIVING JAPAN GIFTS !yt,IRL,,,
2024/11/25,HL: Phin Invades stream - Amanda the Adventurer 2,Gaming,,,
2024/11/22,HL: Muscle Mummy's in Japan 💜 @yoshimyan @trash @kwoli @elysa | Day 3/4 !socials,Travel,,,
2024/11/19,HL: POV: You Wake Up In Japan | Neede a break from fixing Mizkif's Door,Travel,,,
2024/11/16,HL: Visiting Beepo then gym w/ @arrav| !socials,IRL,,,
2024/11/15,"Zip-Lining TheSushiDragon, T10Nat and Arrav - VOD",Travel,Sebbywebz,,
2024/11/14,Highlight: Sketching @Mizkif and @Esfandtv custom paintings w/ @arrav | !socials,IRL,,,
2024/11/13,HL: Designing @Mizkif and @Esfand custom paintings w/ @arrav gaming lmao | !socials,IRL,,,
2024/11/12,Taking an Australian to an outback steakhouse ft. @T10Nat - [11/12/2024] | Cyr VODs,IRL,Cyr,,
2024/11/10,HL: Meet my father and brother + Reacts,Chatting,,,
2024/11/10,HL: RAVING TILL THE LEVEL 23 OFFLINE HYPE TRAIN ENDS,Chatting,,,
2024/11/10,"Rockband w/ Scarra, SushiDragon, WakeWilder, T10Nat, Arrav, SebbyWebz | Esfand Live 11/10/2024",Gaming,Esfand,,
2024/11/09,HL: Installing @mizkif a NEW door !door |!socials,IRL,,,
2024/11/07,HL: Fixing @Mizkif broken door I Axed !door |!socials,IRL,,,
2024/11/06,HL: The Stream Right before I AXE Down Mizkif's Door,Chatting,,,
2024/11/06,Nat axes the door,IRL,Mizkif,Warning: Miz channel,
2024/11/05,"Chef Esfand Cooking Stream with T10Nat, Sebbywebz, & Arrav | Esfand Live 11/5/2024",IRL,Esfand,,
2024/11/03,HL: OTK FINAL THOUGHTS. Still no green card !socials,IRL,,Notable Clip: Oh No,
2024/11/03,HL: OTK's TOP STREAMER 📊 FINALE: SHAREHOLDERS MEETING 💼 - AWARD CEREMONY 🏆 | !socials !vote,Competition,,,
2024/11/02,HL: Making pizza w/ @cyr @thesushidragon and the top streamer contestants,Competition,,,
2024/11/01,HL: Late Night Chat w/ me | MMA and Dodgeball tomorrow,IRL,,,
2024/11/01,HL: TAKING THE COMPETITION OUT | OTK TOP STREAMER GYM DAY [3/5] FINALE ! SOCIALS,Competition,,,
2024/11/01,Which Upcoming Top Streamer Can Make The Better Pizza (Just  Chatting) - [11/01/2024] | Cyr VODs,IRL,Cyr,,
2024/10/31,HL: OTK Top Streamer: DAY 1 IN A $$$ MANSION | BED OR TENT?!,IRL,,,
,,,,,
2024/10/31,HL: OTK Top Streamer Cooking + Game Day |,Competition,,,
2024/10/30,HL: OTK STREAMER FINALE !socials,Competition,,,
2024/10/29,Emiru - [October 29th 2024] HALLOWEEN PARTY,IRL,Emiru,,
2024/10/28,HL: [TWITCH RIVALS] Screaming in Piko Park 2 W/ @jakenbakelive @cooksux @wolfsbanee,Gaming,,,
2024/10/27,[OCT/27/24] Nmplol - LEARNING  HOW TO RAVE WITH t10nat  w/Misterarther,IRL,Nmplol,,
2024/10/25,HL: BLACK LIGHT INVESTIGATION OF MIZKIF'S HOUSE @mizkif @arrav @vangard @danioskam,IRL,,,
2024/10/25,missing (Screaming and Crying w/ @lacari | Indie Horror Games),,,,
2024/10/25,Screaming and Crying w @lacari Indie Horror Games @T10Nat | FULL TIWTCH LIVE STREAM VOD NO ADS,Gaming,Independant,,
2024/10/24,HL: Podcast w/ @wakewilder @danioskam @lacari @esfand,Chatting,,Notable Clip: Stepped on,
2024/10/23,"[10-23-24] ExtraEmily - TURNING @T10NAT INTO A TRUE TEXAN! 🤠 OUTFIT SHOPPING, SHOOTING  🤠",IRL,ExtraEmily,,
2024/10/19,HL: LAST STREAM BEFORE AUSTIN - Reacts to Clips,Chatting,,,
2024/10/19,HL: Mouth Washing P2,Gaming,,,
2024/10/16,HL: Clip Reacts + Mouth Washing P1,Gaming,,,
2024/10/15,HL: Fears to Fathom Woodbury Getaway!! | 40k by the end of 2024?! !OTK,Gaming,,,
2024/10/14,HL: AMA TIME! OTK TOP STREAMER + REACTS + STORYTIMES | 40k by the end of 2024?! !OTK,Chatting,,,
2024/10/09,HL: IRL NAUURA THE EXPLORER | Finding PESTO The Penguin !socials PT 1,IRL,,,
2024/10/09,HL: IRL NAUURA THE EXPLORER | Finding PESTO The Penguin !socials PT 2,IRL,,,
2024/10/04,[OCT/04/24] - Streamers in CARS with TOP STREAMER CONTESTANTS!   @Sebbywebz @T10Nat  @arrav,IRL,Nmplol,,
2024/10/04,HL: IRL ESCAPE ROOM IN AUSTIN WITH THE CHADS @lacari @sebbywebz @arrav @phinttv,IRL,,,
2024/10/03,OTK TOP STREAMER Chapter 3 Finale - IMPROV CHALLENGE,Competition,,,
2024/10/03,WE MADE IT TO OTK TOP STREAMER FINALS!?! WHAT IS GOING ON.,Chatting,,,
2024/10/02,"10/01/2024 PT6 ""[DAY 1] OH GOD NO WHY HAVE I DONE THIS | LAST TO SUB WINS 10,000$ UNCAPPED SUBAT...""",IRL,Tectone,,
2024/09/29,CELEBRATING 30K!! ON TWITCH BY GOING TO AUSTIN TEXAS 🛫,Chatting,,Notable Clip: Ordering In n out,
2024/09/27,OTK RECAP + TWITCH CON RECAP IM GOING TEXAS,Chatting,,,
2024/09/26,OTK SCHOOLED! - OTK Top Streamer Chapter 3,Competition,,,
2024/09/26,The Schooled Challenge - OTK's Top Streamer EP17,Competition,OTK VODs,,
2024/09/24,The Aussie vs America: The Documentary | OTK Top Streamer Chapter 3: IRL Challenge 3,Competition,,,
2024/09/24,The IRL Challenge - OTK's Top Streamer EP16,Competition,OTK VODs,,
2024/09/22,LAST DAY at Twitch Con | BUYING EVERYTHING I LIKE,IRL,,,
2024/09/21,IRL Twitch Con Saturday 2024 | What TC is like! !alerts,IRL,,,
2024/09/15,HL: LAST STREAM BEFORE TWITCH CON!! | Bonus Bits Today!,Chatting,,,
2024/09/14,Black Myth Wukong (Part 10) | September 2024 | T10Nat,Gaming,,,
2024/09/12,OTK Top Streamer Chapter 3: Charity Presentation Challenge 2,Competition,,,
2024/09/12,HL: Crikey Mate | OTK Top Streamer Charity Presentation !twitter,Competition,,,
2024/09/12,Presentation Day - OTK's Top Streamer EP15,Competition,OTK VODs,,
2024/09/08,missing (Monkey SEE Monkey WU - kong gameplay | !twitter OTK Thoughts),,,,
2024/09/07,I MADE ASMONGOLD LAUGH?!,Gaming,,,
2024/09/05,OTK Top Streamer Chapter 3: 4 Min Stream Challenge 1,Competition,,,
2024/09/05,Chapter 3 Live Auditions - OTK's Top Streamer EP14,Competition,OTK VODs,,
2024/09/02,Black Myth Wukong (Part 8) | September 2024 | T10Nat,Gaming,,,
2024/09/01,Black Myth Wukong (Part 7) | September 2024 | T10Nat,Gaming,,,
2024/08/31,HL: FATHER'S DAY IN AUS. SHORT STRIM TO SPEND TIME W/ MY FAM WHO IS WORRIED ABOUT ME. !father,Chatting,,,
2024/08/29,HL: Mystery Society?! !mystery | I got into OTK Top Streamer OOPS | SHORT STRIM | #Sponsor,Gaming,,,
2024/08/29,Chapter 3 Auditions - OTK's Top Streamer EP13,Competition,OTK VODs,,
2024/08/28,Black Myth Wukong (Part 6) | August 2024 | T10Nat,Gaming,,,
2024/08/26,Black Myth Wukong (Part 5) | August 2024 | T10Nat,Gaming,,,
2024/08/25,Black Myth Wukong (Part 4) | August 2024 | T10Nat,Gaming,,,
2024/08/24,Black Myth Wukong (Part 3) | August 2024 | T10Nat,Gaming,,,
2024/08/21,Black Myth Wukong (Part 2) | August 2024 | T10Nat,Gaming,,,
2024/08/19,Black Myth Wukong (Part 1) | August 2024 | T10Nat,Gaming,,,
2024/08/18,Elden Ring (Part 31) | August 2024 | T10Nat,Gaming,,,
2024/08/17,HL: 🛁 Streamer FINALLY takes a bath. [Chilla's Art] - Editing new alerts @unregisteredtextdefende,Gaming,,,
2024/08/14,HL: ✈️Guess WHERE I'm going?! 🐻 I WANT A HAPPY ENDING. INTO THE PIT WE GO 🐻- Juicy Elden R,Gaming,,,
2024/08/12,HL: 💎STEAL THE VIP -🐻 I'M SO EXCITED FOR THIS INDIE HORROR GAME - Elden Ring is Getting JUICY,Gaming,,,
2024/08/10,IRL: [AUS] 14KM Charity Walk 🏃‍♀️ City2Surf 🏄,IRL,,,
2024/08/08,Elden Ring (Part 29) | August 2024 | T10Nat,Gaming,,,
2024/08/07,Elden Ring (Part 28) TWITCH RIVALS | August 2024 | T10Nat,Gaming,,,
2024/08/06,🟨INVADING TWITCH RIVALS: ELDEN RING 🟨 PvE  | MONEY IS ON THE LINE 🟨 !Rivals !help Team @ba,Gaming,,,
2024/08/04,HL: 🟨THIS GAME IS MAKING ME GO TO BED??!! 🟨 - ELDEN RING I found a SECRET PATH?!! !newspaper,Gaming,,,
2024/08/03,HL: 🟨THIS GAME WILL SPOOOK U?! 🟨 - ELDEN RING I found a SECRET PATH?!! !newspaper,Gaming,,,
2024/07/31,Elden Ring (Part 24) | August 2024 | T10Nat,Gaming,,,
2024/07/29,Elden Ring (Part 23) | July 2024 | T10Nat,Gaming,,,
2024/07/29,The Witcher 3: Wild Hunt (Part 7) | July 2024 | T10Nat,Gaming,,,
2024/07/28,Elden Ring (Part 22) | July 2024 | T10Nat,Gaming,,,
2024/07/28,The Witcher 3: Wild Hunt (Part 6) | July 2024 | T10Nat,Gaming,,,
2024/07/27,Elden Ring (Part 21) | July 2024 | T10Nat,Gaming,,,
2024/07/27,Minecraft Amusement Park,,,,
2024/07/25,IRL: [AUS] FOOD MARKETS | July 2024 | T10Nat,IRL,,,
2024/07/21,Elden Ring (Part 20) | July 2024 | T10Nat,Gaming,,,
2024/07/21,The Witcher 3: Wild Hunt (Part 5) | July 2024 | T10Nat,Gaming,,,
2024/07/20,Elden Ring (Part 19) | July 2024 | T10Nat,Gaming,,,
2024/07/17,Elden Ring (Part 18) | July 2024 | T10Nat,Gaming,,,
2024/07/17,The Witcher 3: Wild Hunt (Part 4) | July 2024 | T10Nat,Gaming,,,
2024/07/15,The Witcher 3: Wild Hunt (Part 3) | July 2024 | T10Nat,Gaming,,,
2024/07/14,Rat Review - Ranking my Chat's Backyards | July 2024 | T10Nat,Chatting,,,
2024/07/14,The Witcher 3: Wild Hunt (Part 2) | July 2024 | T10Nat,Gaming,,,
2024/07/13,Elden Ring [DLC] (Part 17) | July 2024 | T10Nat,Gaming,,,
2024/07/13,PANICORE @potatokai @shaneyit,Gaming,,,
2024/07/10,HL 👑 Steal the Vip! + Elden Ring Code Giveaway,Chatting,,,
2024/07/10,missing (elden ring part 16),,,,
2024/07/08,The Witcher 3: Wild Hunt (Part 1) | July 2024 | T10Nat,Gaming,,,
2024/07/07,Elden Ring [DLC] (Part 15) | July 2024 | T10Nat,Gaming,,,
2024/07/03,Elden Ring [DLC] (Part 14) | July 2024 | T10Nat,Gaming,,,
2024/07/01,Elden Ring [DLC] (Part 13) | July 2024 | T10Nat,Gaming,,,
2024/07/01,STAR WARS SURVIVOR FINALE. MALDING.,Gaming,,,
2024/06/30,Elden Ring [DLC] (Part 12) | July 2024 | T10Nat,Gaming,,,
2024/06/30,PANICKING W/ GTARP FRIENDS,Gaming,,,
2024/06/26,DLC P3: 👑SMASHING MY CONTROLLER | DLC MARATHON👑MIMIC IS MAXED 👑FINDING  (Part 1/2),Gaming,,,
2024/06/26,DLC P3: 👑SMASHING MY CONTROLLER | DLC MARATHON👑MIMIC IS MAXED 👑FINDING  (Part 2/2),Gaming,,,
2024/06/24,Elden Ring [DLC] (Part 10) | June 2024 | T10Nat,Gaming,,,
2024/06/23,Elden Ring [DLC] (Part 8) | June 2024 | T10Nat,Gaming,,,
2024/06/23,Elden Ring [DLC] (Part 9) | June 2024 | T10Nat,Gaming,,,
2024/06/19,Elden Ring (Part 6) | June 2024 | T10Nat,Gaming,,,
2024/06/19,Elden Ring (Part 7) | June 2024 | T10Nat,Gaming,,,
2024/06/18,Star Wars Jedi: Survivor (Part 11) | June 2024 | T10Nat,Gaming,,,
2024/06/17,👑FIRST PLAYTHRU [DAY 4] 👑 CALL ME THE DRAGON SLAYER 👑 - More Bosses to 🔪 👑|| !Elden,Gaming,,,
2024/06/16,👑FIRST PLAYTHRU [DAY 3] 👑 Margit & GodRick Down 👑 - 2 Bosses this stre (Part 1/2),Gaming,,,
2024/06/16,👑FIRST PLAYTHRU [DAY 3] 👑 Margit & GodRick Down 👑 - 2 Bosses this stre (Part 2/2),Gaming,,,
2024/06/15,Elden Ring (Part 2) | June 2024 | T10Nat,Gaming,,,
2024/06/12,Part 1: 👑FIRST PLAYTHROUGH 👑 All Bosses needed for DLC 👑 -  Being the Best Jedi there ever,Gaming,,,
2024/06/10,🟨- Crying About My Light Saber being too BIG,Gaming,,Manual alerts lol,
2024/06/09,🟨STEAL THE VIP FROM THE CHAT!! || Comparing girthy Sabers in Star Wars Jedi,Gaming,,,
2024/06/09,Comparing girthy Sabers in Star Wars Jedi,Gaming,,,
2024/06/08,Star Wars Jedi: Survivor (Part 8) | June 2024 | T10Nat,Gaming,,,
2024/06/05,Star Wars Jedi || !VIP !Socials,Gaming,,,
2024/06/03,3 indie horror games,Gaming,,,
2024/06/03,Star Wars Jedi: Survivor (Part 6) | June 2024 | T10Nat,Gaming,,,
2024/06/02,🐀THE RUST PRODIGY HAS RETURNED (me)🟨 - Star Wars Jedi || !VIP !Socials,Gaming,,,
2024/06/01,Highlight: 🟨🐀 Horror Games  🟨- Star Wars if I'm not dying || !VIP !Socials,Gaming,,,
2024/06/01,Star Wars if I'm not dying || !VIP !Socials,Gaming,,,
2024/05/31,RUST: KINGDOMS (Part 8) | May 2024 | T10Nat,Gaming,,,
2024/05/29,RUST: KINGDOMS (Part 6) | May 2024 | T10Nat,Gaming,,,
2024/05/29,RUST: KINGDOMS (Part 7) | May 2024 | T10Nat,Gaming,,,
2024/05/28,RUST: KINGDOMS (Part 5) | May 2024 | T10Nat,Gaming,,,
2024/05/27,RUST: KINGDOMS (Part 3) | May 2024 | T10Nat,Gaming,,,
2024/05/27,RUST: KINGDOMS (Part 4) | May 2024 | T10Nat,Gaming,,,
2024/05/26,RUST: KINGDOMS (Part 1) | May 2024 | T10Nat,Gaming,,,
2024/05/26,RUST: KINGDOMS (Part 2) | May 2024 | T10Nat,Gaming,,,
2024/05/24,[IRL] MARKETS & MALL IN THE PHILIPPINES. HELP ME.|| !socials !PHILS,Travel,,,
2024/05/20,[IRL] STRANDED IN THE PHILIPPINES. Learning the Tagalog || !socials !PHILS,Travel,,,
2024/05/19,Star Wars Jedi: Survivor (Part 3) | May 2024 | T10Nat,Gaming,,,
2024/05/19,Star Wars: Jedi Survivor'ing,,,,
2024/05/13,⚠️[Day 2] Stellar Blade: Cosplay!,Gaming,,,
2024/05/12,Star Wars Jedi: Survivor (Part 1) | May 2024 | T10Nat,Gaming,,,
2024/05/11,Ranking my Chat's PC Hygiene,Chatting,,,
2024/05/11,Stellar Blade (Part 1) | May 2024 | T10Nat,Gaming,,,
2024/05/08,🐀First PlayThru - Don't call PETA on me | JEDI Master 🦇 Star Wars Jedi: The Fallen order || !s,Gaming,,,
2024/05/06,Star Wars Jedi: Fallen Order (Part 4) | May 2024 | T10Nat,Gaming,,,
2024/05/05,🐀FIRST PlayThru: Star Wars Jedi: The Fallen order 🐀 I hate the frog,Gaming,,,
2024/05/04,Chatting with CEO Rat Lord,Chatting,,,
2024/05/04,Devour w/ GTA RP Friends | May 2024 | T10Nat,Gaming,,,
2024/05/04,Star Wars Jedi: Fallen Order (Part 1) | May 2024 | T10Nat,Gaming,,,
2024/05/04,Star Wars Jedi: Fallen Order (Part 2) | May 2024 | T10Nat,Gaming,,,
2024/05/01,💎STEAL THE VIP + 🐀 WHAT HAPPENED AT DreamHack?! Hanging out w/ Dan Clancy 🧗‍♀️ and fw,Chatting,,LEVEL 33 HYPE TRAIN t10LESGO ,
2024/04/27,Running off a cliff with the CEO of Twitch || !Collab !Socials,IRL,,,
2024/04/25,Degen Rat leaves the cave | IRL DreamHack,IRL,,,
2024/04/25,Last Stream before I get cancelled !Dj @krysttl | IRL DreamHack ,IRL,,,
2024/04/24,missing (LAST PC Strim Before THE RETURN OF THE IRL Streams for DreamHack -> Rat MC server),,,,
2024/04/22,Rat MC server,Gaming,,,
2024/04/21,missing (TLOU),,,,
2024/04/20,WE'RE IN THE END GAME IN TLOU - Feeling Very Unwell. Might deadge,Gaming,,,
2024/04/17,missing (WAKING UP 1 MONTH LATER !GTARP -> RAT MC SERVER TIME OR TLOU),,,,
2024/04/15,missing (I WOULDN'T LEAVE U BEHIND. ❗The Last of Us Part 1 ❗ alerts),,,,
2024/04/14,missing (Why Streamers would survive in the Last of Us. ❗The Last of Us Part 1 ❗ alerts),,,,
2024/04/13,missing (❗T10Mods vs Chat Hive Mind. Mod Appreciation Day-> ❗The Last of Us Part 1 first time PS5❗ alerts),,,,
2024/04/10,missing (❗ The Last of Us Part 1 on the PS5 ❗  I would not survive in this universe. ❗ alerts),,,,
2024/04/08,missing (Degen rats who don't sleep come here),,,,
2024/04/07,missing (A bit of content warning -> Finishing Uncharted DLC! New Dono Alerts + Sub Alerts !alerts),,,,
2024/04/04,missing (Bonus Strim -> COMPANY ASSET CAMPING TRIP. FATNAT WAKES UP! -> Dono Alerts + Sub Alerts for 2024 added! !alerts),,,,
2024/04/03,missing (Cumm Here if you want Rizz and haPPiness -> Dono Alerts + Sub Alerts for 2024 added! !alerts),,,,
2024/04/01,missing (A LIFE CHANGING GAME? The Remains of Edith Finch + Visiting the MC Server),,,,
2024/03/31,missing (LAST STREAM IN SYD AIRPORT -> LIVING IN LA),,,,
2024/03/27,missing (I'm Eepy but horror games tonight be creepy),,,,
2024/03/25,missing (🚗 KACHOW: Fat Nat tries to overcome her anxiety ⚡️ Indie Horror Games to cry to w/ !squad),,,,
2024/03/24,missing (🚗 KACHOW: Fat Nat tries to overcome her anxiety ⚡️ Indie Horror Games to cry to w/ !squad),,,,
2024/03/23,missing (New Chilla's Art Game! 🏃‍♀️ Fat Nat wakes up again in Los Santos maybe ⚡️🚗 UNCHARTED 4 DLC🔫🏞️),,,,
2024/03/20,missing (UNCHARTED 4 DLC TIME! ITS STORY TIME BABY-> MAYBE GTARP for Grinding my potential Intuition fee),,,,
2024/03/18,missing (Father Nathan on the Early Train!!! NoPixel 4.0 !Father -> Company Money Grind),,,,
2024/03/17,Father Nathan and THE COMPANY then - Lethal Company w/ The Company,Gaming,,,
2024/03/16,Rats Assemble. It's Indie HORROR Time.,Gaming,,144p OHGOD,
2024/03/13,missing (Fat Nat goes security for the Company ➜ Tekken 8 | NoPixel 4.0 !Father !OTV),,,,
2024/03/11,missing (Victor Storyline Tekken 8 - Tekken Noobie !OTV),,,,
2024/03/10,missing (MineCwraft w/ GTA NoPixel Fwiends on neutreN's server + GTARP or Tekken 8 !OTV),,,,
2024/03/09,missing (SPOOKY SCREAM TIME w/ !squad !OTV),,,,
2024/03/06,missing (Father Nathan - the most cooked criminal in the making | NoPixel 4.0 !Father !OTV),,,,
2024/03/04,T10NAT  OTVNAT.,Gaming,,,
2024/03/03,T10NAT IS BACK BABY!!!! HORROR + LA NOIRE,Gaming,,360p ):,
2024/03/02,T10NAT IS BACK BABY!!!! +Story Time stranded and needed Police,Gaming,,360p ):,
2024/02/28,missing (RATS ASSEMBLE RN.),,,,
2024/02/26,FATHER NATHAN & THE COMPANY ➜ 2ND LAST EPISODE OF BATMAN,Gaming,,144p OHGOD,
2024/02/25,FATHER NATHAN RETURNS TO NOPIXEL 4.0 ➜ BATMAN IF IM NOT TIRED,Gaming,,360p ):,
2024/02/24,T10NAT IS FINALLY BACK. WHO IS OTVNAT??!?!?,Gaming,,360p ):,
2024/02/18,QUICK CHAT BEFORE AUSTRALIA,Chatting,,,
2024/02/12,LA NOIRE  - WE OFF TO LA BOIS.,Gaming,,NC: Rabbit in a storm,
2024/02/11,Poppy Playtime Chapter 3 Finale,Gaming,,,
2024/02/10,POPPY PLAYTIME Part 2,Gaming,,,
2024/02/07,Day 15: 🟨FAT NAT HAS TO MAKE A DECISION 🟨,Gaming,,,
2024/02/04,2024 🟨BIRTHDAY 24 HOUR STREAM 🟨 (Part 1/3),Celebration,,144p OHGOD,
2024/02/04,2024 🟨BIRTHDAY 24 HOUR STREAM 🟨 (Part 2/3),Celebration,,144p OHGOD,
2024/02/04,2024 🟨BIRTHDAY 24 HOUR STREAM 🟨 (Part 3/3) ,Celebration,,144p OHGOD,
2024/02/03,Part  1: 🟨POPPY PLAYTIME CHAPTER 3 🟨,Gaming,,,
2024/01/31,Day 14:🟨TRAUMA DUMPING FAT NAT THE SHARK KILLER🟨,Gaming,,144p OHGOD,
2024/01/28,missing (🐀THE SHARK KILLAH! FAT NAT! 🐀 T10Nat Coming Back soon  | 2024 Alerts will be renewed overtime in Feb !lawsuit !HERO),,,,
2024/01/27,DAY 13:🐀FAT NAT TAKES A PHOTO W/ A SHARK.,Gaming,,,
2024/01/24,Day 12: 🐀WE'RE GRINDING TODAY. T10Nat Coming Back soon  | 2024 Alerts will be renewed overtime in,Gaming,,,
2024/01/22,Day 1: PalWorld,Gaming,,144p OHGOD,
2024/01/22,Day 11:🐀FAT NAT'S BDAY + INTERN EVENT 🐀 NOPIXEL 4.0 | 2024 Alerts will be renewed overtime in,Gaming,,360p ):,
2024/01/21,Day 10: 🐀BIKER FATHER NATHAN🐀NOPIXEL 4.0 | 2024 Alerts will be renewed overtime in Feb !lawsui,Gaming,,144p OHGOD,
2024/01/20,Day 9:🐀FAT NAT AND THE LETHAL COMPANY🐀NOPIXEL 4.0 | !lawsuit !HERO (Part 1/2),Gaming,,144p OHGOD,
2024/01/20,Day 9:🐀FAT NAT AND THE LETHAL COMPANY🐀NOPIXEL 4.0 | !lawsuit !HERO (Part 2/2),Gaming,,144p OHGOD,
2024/01/19,missing (🐀FAT NAT THE INTERN HAS A SECOND CHANCE🐀NOPIXEL 4.0 | !lawsuit !HERO),,,,
2024/01/17,Day 7: 🐀FAT NAT🐀NOPIXEL 4.0 | POOR 21 AUSSIE NEEDS MONEY FOR THE COMPANY,Gaming,,,
2024/01/15,Day 6🚨FAT NAT NOPIXEL 4.0! || Detroit Become Human Gameplay 🚨,Gaming,,,
2024/01/15,Part 3 Detroit Become Human Gameplay 🚨,Gaming,,,
2024/01/14,DAY 5 🚨FATHER NATHAN RAIDING LOS SANTOS🚨 !vote | Detroit Become Human Gameplay,Gaming,,360p ):,
2024/01/13,DAY 4 ✝️FATHER NATHAN NEEDS TO MAKE MONEY !vote | Detroit Become Human Gameplay,Gaming,,360p ):,
2024/01/10,DAY 3 ✝️FATHER NATHAN COMING INTO NOPIXEL 4.0 | !VOTE FOR ME RISING STAR AWARD !YOUTUBE,Gaming,,,
2024/01/08,Day 2 ✝️FATHER NATHAN BLESSING NOPIXEL 4.0 | 💒 !VOTE !lawsuit !meta !backseat,Gaming,,144p OHGOD,
2024/01/07,DAY 1 🟨FATHER NATHAN - FIRST DAY NO PIXEL 4.0 🟨 !lawsuit,Gaming,,360p ):,
2024/01/06,GTA No Pixel Character Creation - Cooking w/ Friends 🟨  !lawsuit,Gaming,,,
2024/01/04,Part 1🟨FIRST 2024 STREAM. RECAP OF 2023! WHAT HAPPENED?! 🟨  !lawsuit,Chatting,,,
2024/01/04,Part 2🟨FIRST 2024 STREAM. RECAP OF 2023! WHAT HAPPENED?! 🟨  !lawsuit,Chatting,,,
2023/12/29,🔴 IRL x Gaming Streamer bonding time in Sydney w/ @jinnytty 🔴 LAST STREAM OF 2023 🔴 !lawsui,IRL,,,
2023/12/27,missing (🔴I'M ALIVE BEFORE 2023 ENDS🔴 !lawsuit🎉🎉!new),,,,
2023/12/18,missing (2023 Subathon),,,,
2023/12/16,Lethal Company?? @jonathonong @phizzi @aliface,Gaming,,360p ):,
2023/12/13,Slay the Princess | December 2023 | T10Nat,Gaming,,,
2023/12/13,Storytime: How my GRANDPA found out I'm a STREAMER | December 2023 | T10Nat,Chatting,,,
2023/12/11,Manny's | December 2023 | T10Nat,Gaming,,,
2023/12/10,missing (I MISSED JAPAN SM THAT I'M GOING BACK (Exit 8 Gameplay)),,,,
2023/12/04,missing (EXPLORING TOKYO BUT ALSO FINDING MY ANIME HUSBAND 🇯🇵 !alerts),,Internet Archive,,
2023/11/26,🦌TAKING HOME A DEER TONIGHT 🦌@ Nara Deer Park 🇯🇵 !alerts,Travel,,,
2023/11/20,🧧 ON A MISSION TO GET RID OF MY BAD LUCK IN JAPAN 🏯!subfest !alerts,Travel,,,
2023/11/15,👩‍🍳 3 X INDIE HORROR GAMES - Midnight Watch Anomaly New Map,Gaming,,,
2023/11/15,3 X INDIE HORROR GAMES - dont scream,,,,
2023/11/15,DERMATOLIGIST @Kwoli @Trash !SubFest,Gaming,,,
2023/11/13,💎STEAL THE RATS VIP 📦UNBOXING 🐀 DON'T SCREAM! 👩‍🍳 COOKING HELLOFRESH 🍜 !Yum !Sub,Chatting,,,
2023/11/13,COOKING HELLOFRESH 🍜 !Yum !SubFest ,IRL,,,
2023/11/12,🔪FEARS OF FATHOM: IRONBARK LOOKOUT?!? 🔪 GYLT 🔪,Gaming,,,
2023/11/12,GYLT 🔪 p2,Gaming,,,
2023/11/11,🔪NEW CHILLA ART GAME: THE KIDNAP 🔪,Gaming,,,
2023/11/11,Gylt,Gaming,,,
2023/11/09,📢BACK FROM LA!!! BIG NEWS!! JAPAN TRIP INCOMING. LAST MONTH TO 70/30!?🚨| @T10Nat ,Chatting,,,
2023/11/09,Do You Copy?,Gaming,,,
2023/11/09,The Suits Have Gone Mad!?,Gaming,,,
2023/11/09,Observation duty again?!,Gaming,,,
2023/11/06,missing (📢RIZZLESS AND TIRED. Rats where are u? cuz im so sawwryy🚨),,,,
2023/11/05,📢IRL CHALLENGE: MISSION IMPOSSIBLE IN SANTA MONICA @cooksux @nezst 🚨| @T10Nat !Mission,Travel,,,
2023/11/05,2023.11.05: MISSION IMPOSSIBLE: Santa Monica w/ @T10Nat @nezst | Santa Monica,Travel,CookSux,,
2023/11/02,"📢THE PRODIJY STREAMER RETURNS. GAMES, TEA AND RATS 🚨| @T10Nat ❗Partner",Chatting,,,
2023/11/02,🕺⚡ TURN IT UP THURSDAY 🕺⚡ w/ @t10nat 🕺⚡ (11/02/2023),IRL,Linstantnoodles,,
2023/10/31,🎃 JUICY FOOD BITES IN KTOWN w/ @cooksux | @T10Nat !Partner,Travel,,,
2023/10/29,🎃UNIVERSAL HALLOWEEN HORROR NIGHTS. 👻 1ST HALLOWEEN EVA w/ @fanfan @ambush @spuuky @linstantno,Travel,,,
2023/10/28,BUBBLE WORLD?!! w/ @BunchiJumpi @GeezGiselle @T10Nat !LA,Travel,,,
2023/10/27,🎃PARTNER CELEBRATION ANNIVERSARY! 😈Spooky Games w/ my bf Kwoli⚰️ @T10Nat !LA,Chatting,,,
2023/10/27,Spooky Games w/ my bf Kwoli⚰️ @T10Nat !LA,Gaming,,,
2023/10/26,missing (🚨WHAT HAPPENED AT TC?! RECAP of the aussie in AmURICA🚨@T10Nat),,Internet Archive,,
2023/10/25,🚨AUSSIE HUNTING GHOSTS IN A HAUNTED SHIP 🚨 ft Queen Mary @T10Nat,Travel,,,
2023/10/22,TWITCH CON LAS VEGAS DAY 3 - the rats found me!,IRL,,,
2023/10/22,missing (🚨STREAM BEFORE TWITCH CON LAS VEGAS🚨| 2ND MONTH TO PARTNER + 🚨),,Internet Archive,,
2023/10/18,🚨LINUS IS THAT YOU?🚨| 2ND MONTH TO PARTNER + 🚨,Chatting,,Notable Clip: 69$ feet pic,
2023/10/18,OBSERVATION DUTY?!,Gaming,,,
2023/10/14,🚨 IRL BACKPACKING TO SXSW First Time EVER!🚨| 2ND MONTH TO PARTNER + 🚨,IRL,,,
2023/10/11,missing (🎃PAX RECAP + SPOOKY SECURITY GAME🎉| 2ND MONTH TO PARTNER + !pres),,,,
2023/10/09,🎃TWITCH RATFLECTION SERIES!!! MY JULY AUG SEPT AND PAX🎉| 2ND MONTH TO PARTNER + !pres,Chatting,,,
2023/10/03,missing (🎉I'm leaving Australia. What's going on? 🎉 ! !Yum #AD),,,,
2023/10/02,🎉 Indie Horror Games w/ Chat. please send your condolences. I think my PC has a virus help,Gaming,,,
2023/10/01,missing (⚡SHOWING CHAT MY OLD EDITS. 🚨 BIG MONTH. 📏BIG PP - wait what? 🔔 NEW YT @T10Nat),,,,
2023/09/27,missing (⚡ REACTING TO MY CHAT'S MEME CREATIONS🐹!SUB tember gifted subs starts! 🔔 NEW YT @T10Nat),,,,
2023/09/25,"PIXELMON ⚡ STEAL THE VIP 🐹 I WANNA BE THE VERY BEST, LIKE NO ONE EVER WAS. 🥉 || !Sub !pixelm",Gaming,,,
2023/09/23,P1 RE4: DLC- oh wait ADA WONG IS HERE?! 🔔 @T10Nat |,Gaming,,,
2023/09/20,My Mums Worst Nightmare | The Ghost Train [Chilla's Art] 🔔 @T10Nat | !Yum #AD,Gaming,,,
2023/09/18,LIES OF (BIG) PP❗ 🔔 @T10Nat |,Gaming,,,
2023/09/17,🚨 3 Indie games in ONE STREAM?❗ 🔔 @T10Nat | !sept,Gaming,,,
2023/09/16,Doki Doki Literature Club! (Part 2) | September 2023 | T10Nat,Gaming,,,
2023/09/13,Doki Doki Literature Club! (Part 1) | September 2023 | T10Nat,Gaming,,,
2023/09/11,[Chilla's Art] Night Security. I get paid in exposure,Gaming,,,
2023/09/10,Paid $2.50 p/hr as Night Guard. This sucks. Please promote me,Gaming,,,
2023/09/09,TOMB RAIDER 2 FIRST GAMEPLAY !IG !socials !collab,Gaming,,,
2023/09/06,SHORT STREAM BEFORE GOING TO A STUDIO !IG !socials,Chatting,,,
2023/09/04,missing (📚I'm a high school student [Chilla's Art] Karaoke ! ♪┏(・o･)┛First Horror Playthrough !IG !socials),,,,
2023/09/03,missing (What Really Happens at Karaoke? -> Feeling the sniffles today. !yt !socials),,,,
2023/09/02,missing (I GOT A JOB? THE CLOSING SHIFT FIRST GAMEPLAY !yt !socials),,,,
2023/08/30,VIEWFINDER P3,Gaming,,,
2023/08/28,[Chilla's Art] Parasocial | August 2023 | T10Nat,Gaming,,,
2023/08/27,"RAFT, CODENAMES, VALORANT AND AMONG US @loganrdj @natt @fuslie @sykkuno @kkatamina ❗goal ❗Discor",Gaming,,,
2023/08/26,HELP ME MAKE MY YT VID ➜ CRYING VOMITTING AND SCREAMING FOR VIEWFINDER.❗goal ❗Discord,Gaming,,,
2023/08/26,Viewfinder P2,Gaming,,,
2023/08/23,missing (FEELING UNWELL AND STRESSED ➜ UNCHARTED 4 ➜ OFFLINE BANNER ART??❗goal ❗Discord),,,,
2023/08/21,🥇I TIER LIST CHAT'S MEMES 📈 RAT REVIEW MONDAY: MEMES ➜ UNCHARTED 4 ➜❗goal ❗Discord,Chatting,,good rave,
2023/08/20,🎉I DID MY FIRST YT STREAM 🎉INDIE HORROR 📸➜ UNCHARTED 4 ➜❗goal ❗Discord,Gaming,,,
2023/08/20,P6 UNCHARTED 4 ➜❗goal ❗Discord,Gaming,,,
2023/08/19,💎STEAL THE VIP 💁‍♀️ REACTING TO IS DAT NAT(T) ➜ UNCHARTED 4 ➜❗VIP ❗Discord,Chatting,,,
2023/08/19,P5 UNCHARTED 4 ➜❗VIP ❗Discord,Gaming,,,
2023/08/16,BITING ASSS IN OUTLAST TRIALS @chrchie @duktv 🧗‍♂️➜ UNCHARTED 4 ➜ 200 bits new cheer��,Gaming,,,
2023/08/16,P4 Uncharted 4,Gaming,,,
2023/08/14,😱 I TOLD MY DAD I WANTED TO BE A STREAMER (CRINGE.PPT) 😱➜ UNCHARTED 4 🏝️FIRST PLAYTHROU,Chatting,,,
2023/08/14,P3  UNCHARTED 4 🏝️FIRST PLAYTHROUGH! ❗goal ❗emotes,Gaming,,,
2023/08/13,🚨 BEST INTERNS AT PLATEUP @loganrdj ➜ Tricky Towers GOD ➜ UNCHARTED 4 🏝️FIRST PLAYTHROUG,Gaming,,,
2023/08/13,P2 UNCHARTED 4 🏝️FIRST PLAYTHROUGH! ❗goal,Gaming,,,
2023/08/12,BRAMBLE: The Mountain King | August 2023 | T10Nat,Gaming,,Notable Clip: Harmonica Horror,
2023/08/11,P1💍🤵👰🤞 I GOT MARRIED?! ➜ UNCHARTED 4 🏝️FIRST PLAYTHROUGH! ❗goal,Gaming,,,
2023/08/07,🚑 SWEATY GAMER ➜ BEST GAMER ON TWITCH 📈➜ 🎉SO TWITCH CON?!📈,Gaming,,,
2023/08/05,missing (🎉THE CUMBACK STREAM PART 2🎉 MY RECAP: DAY 3 & 4🐀 TWITCH CON?!📈 MC AND GTARP?!🤒),,Internet Archive,,
2023/08/04,🎉THE CUMBACK STREAM 🎉 MY RECAP: STREAMER CAMP 4🐀 MOST LIKELY TO WHAT??📈 Built Diff. Had ,Chatting,,,
2023/07/27,missing (streamer camp season 4),,,Series,
2023/07/25,👨‍🍳 COOKING CHAOS COMPETITION 👨‍🍳 (07/25/2023) ,IRL,Linstantnoodles,,
2023/07/23,✈️I'm Only Up to go to LA ✈️ ➜ !sc4,Gaming,,,
2023/07/19,Only Up,Gaming,,,
2023/07/19,Plating up your mum w/ @supercatkei @sguy3n @f1elly ➜ Only Up ➜ !sc4,Gaming,,,
2023/07/18,Only Up ➜ !sc4,Gaming,,,
2023/07/18,Your mum wants me to watch her house ➜ Only Up ➜ !sc4,Gaming,,,
2023/07/17,Dying at 7am to play w/ @fuslie @sykkuno can Top 12 !Top12 !box !kkat !qt ,Gaming,,,
2023/07/17,Codenames w/ campers,Gaming,,,
2023/07/16,Playing w/ Friends ➜ CELEBRATING TOP 12! What's going to happen? !collab !box !kkat,Gaming,,,
2023/07/15,😭WE MADE IT TO TOP 12! GOING TO LA SOON!! 😭 !box,Gaming,,Part 1,
2023/07/15,😭WE MADE IT TO TOP 12! GOING TO LA SOON!! 😭 !box,Gaming,,Part 2,
2023/07/13,TOP 12 ANNOUNCED TO LA 😭 !sc4 !box,Chatting,,,
2023/07/12,😭LAST STREAM FOR TOP 32! BIG CRY STREAM 😭 !sc4 !box,Gaming,,,
2023/07/11,🚨CARRYING @boxbox W/ 250 PING in League of Legends 🚨 !collab !sc4,Gaming,,,
2023/07/10,🚨HOT MC HOT ABS? I play. Diablo IV 🚨 #ASUSAU #AD 🚨 !TUF !Specs,Gaming,,,
2023/07/10,🚨PODCAST INCOMING HUGE STREAM 🚨 !collab !sc4,Chatting,,,
2023/07/10,"MC, Goose Goose Ducks and More Games w/ campers 🚨 !collab !sc4",Gaming,,,
2023/07/10,OBSERVATION DUTY w/ box box 🚨 !collab !sc4,Gaming,,,
2023/07/08,🤡CODENAMES Games w/ @Fuslie and Gaslighting friends🤡 !SC4 !Collab !Alerts,Gaming,,,
2023/07/08,Gaslighting my new friends🤡 !SC4 !Collab !Alerts ,Gaming,,,
2023/07/07,SABOTAGING THE TOP 32 IN DEMONOLOGIST🕵️!SC4 !twitter !IG !YT,Gaming,,,
2023/07/06,🔥Survive the 7 days.🔥 !SC4 !twitter !IG !YT !collab,Chatting,,,
2023/07/06,🕵️Two Truths 1 Lie (y i dont leave the house alone)🕵️!SC4 !twitter !IG !YT,Chatting,,,
2023/07/06,Valorant w/ campers🕵️!SC4 !twitter !IG !YT,Gaming,,,
2023/07/05,🔥First time AmongUs/Goose Goose Duck Prodigy incoming🔥 !SC4 !twitter !IG !YT !collab,Gaming,,,
2023/07/04,🔥Podcast on Imposter Syndrome and other streamer struggles (Streamer Camp) 🔥 !SC4 !twitter !IG,Chatting,,,
2023/07/04,missing (🔥 I AM SICK AT THE WORST POSSIBLE TIME OF MY LIFE 🔥 !SC4 !twitter !IG !YT),,,,
2023/07/03,missing (🔥 WE SMASHED TOP 64 STREAMER CAMP?! 🔥 !SC4 !twitter !IG !YT),,Internet Archive,,
2023/07/02,missing (OMG ITS HAPPENING!! CLENCH YOUR BUTTS GUYS  !SC4 !monthgoal),,,,
2023/06/30,missing (IRL SEEING FURRIES),,Internet Archive,,
2023/06/29,missing (SORRY. PLEASE HOLD ON.),,,,
2023/06/26,missing (🧱( ͡° ͜ʖ ͡°) I'm BRICKED up for final fantasy !monthgoal 🧱),,,,
2023/06/25,missing (( ͡° ͜ʖ ͡°) I SEE HOT PEOPLE I CLICK. FINAL FANTASY XVI FIRST EVER FF PLAYTHRU !monthgoal),,,,
2023/06/22,missing (🚨I Need Some Hugs. How should we celebrate 10 on Twitch?! 🚨 !SC4vid !youtube !monthgoal),,,,
2023/06/20,missing (🚨10K! FUSLIE LIKES US ALOT?! BOX BOX SUS OF HOUSE FIRE🚨 !SC4 !youtube),,,,
2023/06/19,missing (🚨SMASH GIFTED A BOX?! 🚨 DEVIL MAY CRY 5 FIRST GAMEPLAY! 🚨 !SC4 !youtube !twitter),,,,
2023/06/18,missing (🚨I NEED YOUR HELP 🚨 DEVIL MAY CRY 5 FIRST GAMEPLAY! 🚨 !SC4 !youtube !twitter),,,,
2023/06/15,missing (🚨 BIG NEWS?! 🚨 TOP 128 (STREAMER CAMP 4) WE NEED TO TALK  🚨 || !goal !ratr),,,,
2023/06/12,missing (⚠️Click this if you like eating skewers⚠️ || !goal !ratr),,,,
2023/06/08,⚠️Steal the VIP from chat because they are rats⚠️,Chatting,,,
2023/06/06,Rat Review:⚠️ I rate my chats meals⚠️ || !goal !ratr,Chatting,,,
2023/06/06,Uncharted 3,Gaming,,,
2023/06/05,⚠️ DIABLO 4 FIRST LOOK ⚠️ ELDEN RING FIRST PLAY THRU?! DISGUSTING COMBO ⚠️ || !goal !rat,Gaming,,,
2023/06/04,missing (🚨 UNCHARTED 3 FIRST PLAYTHRU!🚨 || !ALT Editing After  @T10Nat on all socials),,,,
2023/06/01,missing (🚨 ELDEN RING FIRST EVER PLAYTHRU + SPINS AND CHIBI DRAWINGS 🚨 ||  @T10Nat on all socials),,,,
2023/05/29,missing (🖌️ Making an Etsy Store RN! Catching up on Spins 🚨 ||  We're back to video editing),,,,
2023/05/25,missing (⚠️12 HOUR STREAM!⚠️LEGO BUILDING FIRST TIME SINCE CHILDHOOD⚠️!subfest🚨 || Follow 🚨@T10Nat for socials),,,,
2023/05/23,missing (🚨MAID COSPLAY FIRST TIME 🚨I rate my chats 'Pets' 🚨 !subfest🚨 || Follow 🚨@T10Nat for socials),,,,
2023/05/22,missing (🚨Rat Reviewing your 'Pets' !subfest !UE !RR🚨 || Follow 🚨@T10Nat for socials),,,,
2023/05/21,missing (🚨How smart is my chat? 🚨 || Follow 🚨@T10Nat for socials),,,,
2023/05/20,missing (⚠️Screaming  and Crying ⚠️w/ @trash @emillej ⚠️!subfest  || Follow 🚨@T10Nat for socials),,,,
2023/05/18,missing (⛰️Trying to save my relationship. Uncharted 2 First Playthrough 🥾  || Follow 🚨@T10Nat for socials),,,,
2023/05/16,missing (⛰️MY NAME IS NATHAN. NOT NAT. Uncharted 2 First Playthrough 🥾  || Follow 🚨@T10Nat for socials !subfest),,,,
2023/05/15,missing (⛰️UNCHARTED 2 FIRST PLAYTHROUGH EVER IN UNCHARTED SERIES?! 🥾  || Follow 🚨@T10Nat for my socials !subfest),,,,
2023/05/11,missing (Design my Offline Banner w/ me  || Follow 🚨@T10Nat for my socials),,,,
2023/05/09,missing (🤡 Steal someone's VIP in chat🤡 || Follow 🚨@T10Nat for my socials),,,,
2023/05/08,missing (I rate my chats PC Setups 🤡 Steal the VIP 🤡 || Follow 🚨@T10Nat for my socials),,,,
2023/05/07,missing (🤡I'M AN ACTUAL CLOWN 🤡while playing Demonlogist !Collab !goal || Follow 🚨@T10Nat for my socials),,,,
2023/05/04,missing (I lost my voice. Media Request while I draw. !tts !New !sr !lost),,,,
2023/05/02,Rat Review the Inside of your Car !DH !New,,,,
2023/04/27,missing (IRL Melbourne Vlog style. Shopping and knowing aussies !DH),,,,
2023/04/27,missing (IRL streaming at DreamHack !DH),,,,
2023/04/25,missing ([AU] 🐕 My DOG Got ARRESTED 🚨  !New !DH),,,,
2023/04/24,missing ([AU] I rate my chats fridges !New),,,,https://www.twitch.tv/t10nat/clip/FamousHappyPresidentGOWSkull-wOTBBLvgyqR_ImXE
2023/04/23,missing ([AU] 💀🤵Agent 47 gonna get FIRED. 🔫 💀 First Play Through | !NEW),,,,https://www.twitch.tv/t10nat/clip/ArtisticDaintyBunnyRlyTho-z05NCUIx-S2hDUOp
2023/04/20,missing ([AU] 💀TELL ME. Where this pepega Agent 47 was TRAINED 🤼‍♂️💀 First Play Through | !NEW),,,,https://www.twitch.tv/t10nat/clip/CrypticUglyTildePoooound-F8HtdhBFxbIvR47-
2023/04/19,missing ([AU] My name isn't Nat. | Worlds Best Pepga Assassin First Play Through | !NEW),,,,https://www.twitch.tv/t10nat/clip/CloudySavagePonyMVGame-blAlIYdN3nFQbk4H
2023/04/17,missing ([AU] I rate my chat's chairs they game on. | !NEW),,,,https://www.twitch.tv/t10nat/clip/LuckyThoughtfulWormKeepo-2oEPKTA7cepIKqRO
2023/04/17,missing ([AU] I play as a bald white man | First Play Through | !NEW),,,,https://www.twitch.tv/t10nat/clip/SingleColdLatteThisIsSparta-9fSsCUUqtK67p7V2
2023/04/16,missing ([AU] My Villian Era?! I'll be your Hitman or Wingman | First Play Through | New followers and Sub alerts (5 and 10 gifted)),,,,https://www.twitch.tv/t10nat/clip/AdventurousPowerfulPassionfruitPJSugar-sE-8_jw0SR085l73
2023/04/13,[AU] SURPRISE i look diff! ⚰️Finding my Rat Family in Tombs. R u in there too? | First Play Through | !tts !bits,Gaming,,,
2023/04/11,Part 2/3 [AU] ⚰️I Love Raiding Tombs Dont @ Me | First Play Through | !tts !bits,Gaming,,,
2023/04/10,⚰️I Like Raiding Tombs 9-5⚰️| First Play Through PART 1,Gaming,,,
2023/04/09,Part 6: [AU] 🐰 Happy Easter! Oh! Save me Jebus! !bit !goals !TTS,Gaming,,,
2023/04/06,"Part5: 💀""Operator! Give me the number for 911!""🧠 👮‍♂️ !bit !clip !New",Gaming,,,
2023/04/04,PART 4💀 I AM SO SMART. S-M-R-T... I mean S-M-A-R-T 🧠 👮‍♂️ !bit !clip !TTS !Tok,Gaming,,,
2023/04/03,Final Part 👮‍♂️ ARREST ME LEON SO I CAN GO HOME W/ U | FINAL CHAPTERS 👮‍♂️ !2game,Gaming,,,
2023/04/03,MARGE AGAIN?!,Gaming,,,
2023/04/02,Part 5 👮‍♂️ LEON CAN SUPLEX ME ANYTIME 👮‍♂️ !2game !bit !clip !New,Gaming,,,
2023/03/30,👮‍♂️ OPENING AMAZON BDAY GIFTS AND STEAL THE VIP then LEON TIME 👮‍♂️ !2game !bit !,Gaming,,,
2023/03/30,Part 4👮‍♂️ OPENING AMAZON BDAY GIFTS AND STEAL THE VIP then LEON TIME 👮‍♂️ !2game,Gaming,,,
2023/03/28,Part 3👮‍♂️ NEW BIT AND SUB ALERTS! LEON CAN PUT ME IN HANDCUFFS ANYDAY 👮‍♂️ !2game,Gaming,,,
2023/03/27,Part 2 💪 LEONS ARMS HAVE ME IN A CHOKE HOLD || !2Game NEW !BIT AND SUB ALERTS,Gaming,,,
2023/03/27,SkillShare w/ Premier Pro and Da Vinci Resolve Talk!! !SkillShare,Chatting,,,
2023/03/26,Part 1 🔫 RE4 BLIND FIRST PLAYTHRU👮LEON💍|| !2Game !RE4,Gaming,,,
2023/03/23,"Part 3 🤓QUIT IT, BART! SIMPSONS HIT AND RUN LISA SIMPSON?!🟡⚪🟠!game !emotes !alt",Gaming,,,
2023/03/21,Part 2 🚨 DOH! DOH! SIMPSONS HIT AND RUN FIRSTPLAYTHRU?! 🚨 !game !emotes !alt,Gaming,,,
2023/03/20,🚨 DOH! IT'S MY FIRST TIME PLAYING SIMPSONS HIT & RUN?! 🚨 !game !emotes !alt,Gaming,,,
2023/03/19,🚨 WE'RE FINISHING DEAD SPACE REMAKE TONIGHT. I WANT A HOT SIDE CHICK ENDING 🚨 !game !emotes !a,,,,
2023/03/16,🚨 Strong Buffed man gets swarmed by tentacle lizards on covid infected ship 🚨 !discord,Gaming,,,
2023/03/14,🚨 Fighting my inner demons 💀with Chat 🚨 !figment2 !discord,Gaming,,,
2023/03/14,PART 2 🚨 Fighting my inner demons 💀with Chat 🚨 !figment2 !discord,Gaming,,,
2023/03/13,Part 1 Is chat merely a figment of my imagination? !figment2 !discord,Gaming,,,
2023/03/09,Am I plastic 5 or Ascendant ft @jebidori then IWD special stream ft @yuni,,,,
2023/03/09,Am I plastic 5 or Ascendant ft @jebidori then IWD special stream ft @yuni Part 2,,,,
2023/03/07,PLAYING VALORANT W/ MY LITTLE BROTHER?! BRONZE LOBBY !collab,,,,
2023/03/06,Finding my coworkers - Dead Space | !collab ,,,,
2023/03/06,missing (Finding my coworkers - Dead Space | !collab),,,2nd stream after restart,https://clips.twitch.tv/SpoopyCallousSquidTTours-o4q6vyS2RueVeBC0?tt_content=channel_name&tt_medium=embed
2023/03/05,"P2 ⭐Lost my son, daughter, dog and doctor in the forest. send help ⭐  !goal !tgx !collab",,,,
2023/03/05,"⭐Lost my son, daughter, dog and doctor in the forest. send help ⭐ !goal !tgx !collab",,,,
2023/03/02,⭐Finding my sons in the forest ⭐ !goal,,,,
2023/02/28,⭐Am I smarter than you? ⭐ GigaHead Guest on @tobytrinh ft. @sonnymovement @sanjioker @jebidori @ ,,,,
2023/02/28,Valorant Bottom Fragging,,,,
2023/02/27,🤼‍♂️🤜1v1'ing Aliens in Maccas Space Carpark. 👽Dead Space Remake! || !Skillshare,,,,
2023/02/26,P2/3 I'm back!! Give me a hug plis before sons of the forest kills me! || !discord,,,,
2023/02/26,P3/ 3 I'm back!! Give me a hug plis before sons of the forest kills me! || !discord,,,,
2023/02/13,PALAWAN IRL BEACH RELAX VIBES !rode !discord,,,,
2023/02/07,THAILAND BRUNCH AND EXPLORING !Rode,,,,
2023/02/05,THAILAND Minigolf and FOOD NIGHT MARKET IRL,,,,
2023/02/05,missing (THAILAND PHUKET WEEKEND NIGHT MARKET !Rode),,,,
2023/02/03,THAILAND FOOD NIGHT MARKET IRL,,,,
2023/01/31,Part 1 Singapore - Exploring the Jewel !help,,,,
2023/01/31,Part 2 Singapore - Exploring the Jewel !help,,,,
2023/01/29,missing (THANK YOU FOR CELEBRATING MY BDAY),,,,
2023/01/26,Part 1 IT'S MY BIRTHDAY!!! !bday !Amazon (Part 1/2),,,,
2023/01/26,Part 2 IT'S MY BIRTHDAY!!! !bday !Amazon (Part 1/2) ,,,,
2023/01/26,Part 2 IT'S MY BIRTHDAY!!! !bday !Amazon (Part 2/2),,,,
2023/01/24,💆‍♂️ Mental Health Monday [S5] Ep. 5 w/ @t10nat @reversah 💆‍♂️(07/24/2023),,Linstantnoodles,,
2023/01/24,THE IRON EXPERIENCE. VALORANT w/ Simsonsway !collab,,,,
2023/01/23,Slender The Arrival -⚠️FIGHTING TENTACLES ⚠️Send Help TTS ⚠️!game !alerts !bday,,,,
2023/01/22,🧧HAPPY LUNAR NEW YEAR!  🧧COME FOR GOODLUCK  🧧 WEALTH  🧧AND  🧧 PROSPERITY? 🧧 !game,,,,
2023/01/19,From the Darkness Gameplay,,,,
2023/01/19,Peepo Island Headaches,,,,
2023/01/17,The only horror story is how fast I would be dead !game !alerts !bday,,,,
2023/01/15,90 Day Fiance' Story Time !game part 1/2,,,,
2023/01/13,Cooking with Mama IRL  !Mum,,,,
2023/01/10,E-Pal Adventures (Part 2) | January 2023 | T10Nat,Gaming,,,
2023/01/09,missing (Do U want to get high together?),,,,
2023/01/08,E-Pal Adventures (Part 1) | January 2023 | T10Nat,Chatting,,,
2023/01/05,missing (First day back!! What was your biggest take away to bring to 2023?),,,,
2022/12/22,LAST STREAM OF 2022? HAPPY XMAS EVERYONE! | !2022 !tshirt ,,,,
2022/12/19,P2/2THOMAS THE SHANK ENGINE.,,,,
2022/12/18,P1/2CHOO CHOO THE FEK AWAY FROM ME | What really happened on the Mugen Train,,,,
2022/12/15,P4 Expelling a demon out of a kid tonight. || Bendy and the Dark Revival,,,,
2022/12/13,ur mum,,,,
2022/12/12,Twitch Rivals - What happened this weekend!! + Art Stream! || !art,,,,
2022/12/08,What does 2 years on Twitch do for u? !Podcast. || !Guest,,,,
2022/12/06,I got punched IRL,IRL,,NC: Punching Machine,
2022/12/06,P2 WE DID IT 8K! With Mickey Mouse but he's seen some shiet || !bits !events,,,,
2022/12/05,[Aus] BENDI and there's no Survival !bits,,,,
2022/12/04,LAST 40MINUTES OF SUBFEST. I MADE IT HOME SAFE !Subfest !exp !badges,,,,
2022/12/03,DRUNK MELB !Subfest !exp !badges ,,,,
2022/12/01,IRL EXPLORING MELBOURNE !Subfest !exp !badges,Travel,,,
2022/11/29,STEAL PPLS VIPS! || 2 LONG YEAR ANNIVERSARY!! || DAY 5/10 || !subfest !exp !badges,,,,
2022/11/28,THANK YOU! 2 YEAR ANNIVERSARY!! NEW BIT BADGES|| DAY 4/10 || !subfest !exp !badges,,,,
2022/11/27,Highlight: Day 3/10 - 2 YEAR ANNIVERSARY AND SUBFEST || !subfest !exp !badges,,,,
2022/11/26,Day 2/10ˋ°•* 2 YEAR ANNIVERSARY AND SUBFEST ˋ°•* || !subfest !goals,,,,
2022/11/25,ˋ°•* 2 YEAR ANNIVERSARY AND SUBFEST ˋ°•* || !subfest !goals,,,,
2022/11/22,missing (R we saving them or can we leave them | !game !tok !ratathon),,,,
2022/11/21,P1 THE DUMBASS WITHIN ME | !game !tok !subfest,,,,
2022/11/21,P1.5 THE DUMBASS IN ME | !game !tok !subfest,,,,
2022/11/21,P1.75 THE DUMBASS IN ME | !game !tok !subfest ,,,,
2022/11/17,Catherine (Part 4) | November 2022 | T10Nat,,,,
2022/11/15,Catherine (Part 3) | November 2022 | T10Nat,,,,
2022/11/14,"missing (""marriage or we going single and ready to mingle?"" | !game !tok !subfest)",,,,
2022/11/13,Catherine (Part 1) | November 2022 | T10Nat,Gaming,,,
2022/11/10,RE4 P3 WHO'S STEPPING ON U?! Jill or Carlos?! | !game !tok !news,,,,
2022/11/08,missing (QUIT MY JOB CELEBRATION STREAM | WHY NOW? | ModCast part 2),,,,
2022/11/08,QUIT MY JOB CELEBRATION STREAM | WHY NOW? | ModCast,,,,
2022/11/07,missing (NEW ZED SKIN CAN SPIT ON ME. | !TOK !News !game !alt),,,,
2022/11/06,RE4 P2 WILL U BE MY JILL VALENTINE? | !TOK !News !game,,,,
2022/11/06,WILL U BE MY JILL VALENTINE? | !TOK !News !game,,,,
2022/11/03,"RE8 DLC ""FINDING MY DAD WHO WENT ON A CIGGY BREAK"" | !TOK !News !game",,,,
2022/11/01,"missing (""DAD'S COMING BACK WITH THE MILK OKAY."" | RE8 DLC: Shadow of Rose !Tok !news)",,,,
2022/10/30,missing (I attempt to cook a meal that's not instant noodles !Collab  #AD  !Yum !mod),,,,
2022/10/27,missing (New Pjs New me  #AD  !oodie !Dine),,,,
2022/10/26,missing (Toxic League Player tries Valorant || !TTS),,,,
2022/10/25,missing (Click If you're a Hungry Pepega  #AD #Sponsor w/ Hello Fresh  !Yum !TTS),,,,
2022/10/23,missing (⚠️I'M OFFICIALLY BACK ⚠️+ Storytime - I was stranded the first 2Hrs I was in America),,,,
2022/10/20,missing (I'M BACK AND STREAMING ONCE AGAIN. WE GOING FULL TIME IN 10 DAYS. !socials),,,,
2022/10/12,[BACK FROM TC] COOKING CHALLENGE #1 w/ Leezi + T10Nat (10/12/2022),,Linstantnoodles,,
2022/10/10,Twitch Con 2022 (P4) FIRST TIME IN WALMART. THEN MOST HAUNTED HOUSE IN AMERICA !socials !guest,,,,
2022/10/09,Twitch Con 2022 (P3) -  IRL MEETING WITH MY MODS !socials !guests,,,,
2022/10/09,missing (Twitch Con 2022 (P3) - IRL MEETING WITH MY MODS !socials !guests Part 2),,,,
2022/10/07,Twitch Con 2022 (P1) - AUSSIE FORCED TO GO TWITCH CON. 1ST TIME 'MERICA !socials !guest,,,,
2022/10/07,Twitch Con 2022 (P2) - AUSSIE FORCED TO GO TWITCH CON. 1ST TIME 'MERICA !socAUSSIE FORCED TO GO TWIT,,,,
2022/10/02,missing (🏃 I forgot to tell my mum I'm going America. 🏃),,,,
2022/09/29,🏃 Meet my sibling + Help Packing for Twitch Con 🏃 !tc !goal,,,,
2022/09/27,👑 Game Design TED Talk w/ your Twitch Tutor 👑 !torrens !AD !redeems #AD,,,,
2022/09/17,missing (2022 subathon),,,,
2022/09/13,UNBOXING PO PACKAGES,,,,
2022/09/11,missing (SUBATHON NEXT STREAM. HELP MAKING THE POSTER || !subathon !game),,,,
2022/09/06,missing (SUBATHON IS IN 11 DAYS NO CAPPPPPPP. || !subathon),,,,
2022/09/04,missing (i just want to make carpet for my room || !subathon),,,,
2022/08/30,missing (inside the backrooms. get me out. || !!collab !multi !subathon),,,,
2022/08/28,how home alone should of ended,,,,
2022/08/28,First Time Crafting the Mine,,,,
2022/08/23,missing (Sharing stories while drawing a new banner || !subathon !comp !art),,,,
2022/08/21,Cult of the Lamb || !tiktok !ig !subathon,,,,
2022/08/21,Mortuary Endings Botched || !tiktok !ig !subathon,,,,
2022/08/18,"IRL Sydney Winter Festival - Food, Igloos and w.e",IRL,,,
2022/08/16,I'm in a cult. !sf !game !tiktok,,,,
2022/08/14,🚨BIG ANNOUNCEMENT 🚨 LIFE CRISIS 🚨 !game !tiktok,,,,
2022/08/11,🚨 STEAL THE !VIP 🚨DEMON GHOST CRUSHING ON ME (⁄ ⁄•⁄ω⁄•⁄ ⁄)⁄ 🚨 !VIP !gam,,,,
2022/08/11,🚨MORTUARY ASSISTANT (⁄ ⁄•⁄ω⁄•⁄ ⁄)⁄  🚨 !VIP !game !tiktok,,,,
2022/08/09,$6/hr Archaeologist Collab Screams at Team || !collab !game !watch !braincells,,,,
2022/08/07,Never Made it to the Arcade IRL,IRL,,,
2022/08/02,Arcade Games - Claw Machines IRL || !bit ,,,,
2022/08/02,P2 Arcade Games - Claw Machines IRL || !bit,,,,
2022/07/31,🏃 PLAYING ROBLOX FOR THE 1ST TIME,,,,
2022/07/31,🏃 VALOR COMMENTARY,,,,
2022/07/28,Magic Trick Trauma Recovery,,,,
2022/07/26,"Stray p3 - Save the Cat Leader, Save the wOrLD | NEW !IG | !bit !giveaway",,,,
2022/07/24,🚨 $50 !Giveaway | #AD | The Cat named Doggy || !oodie || !bit ,,,,
2022/07/24,Stray P2 - The Cat named Doggy || !oodie || !bit,,,,
2022/07/21,Stray P1 - 🚨6.9K! 🐈 STRAYING FROM LIFE. I'M A CAT PLAYING AS A CAT,,,,
2022/07/16,IRL ANIME CON !IG,IRL,,,
2022/07/14,"Doctor, Lawyer, Engineer.",,,,
2022/07/12,missing (MENTAL BREAKDOWNS IN SIMS4 | !IG),,,,
2022/07/10,Storytime: Possessed Cabin,,,,
2022/07/07,FIRST TIME EVER PLAYING SIMS. HELP ME BUILD A LIFE *CRIES*,,,,
2022/07/05,FINISHING DEAD SPACE 2?!?!?! I JUST WANT TO TAKE HER TO A THAI RESTAURANT,Gaming,,,
2022/07/03,DEAD SPACE END. THAI RESTAURANT,Gaming,,,
2022/07/03,STEAL THE VIPS. Goodluck out there || #Sponsored Stream ||  !VIP !marbles,Chatting,,,
2022/07/01,missing (Chill and Chat for today?! Sponsored Stream Tomorrow! || !tiktok),Chatting,,,
2022/06/28,CRYING IN DEAD SPACE 2 P3,Gaming,,,
2022/06/26,LAST DAY OF BITFEST! 4 HOURS TO GO,Chatting,,,
2022/06/26,LAST DAY OF BITFEST! 4 HOURS TO GO P2,Gaming,,Game: dead space 2,
2022/06/25,missing (DRAWING CHAT'S SCARY STORIES? BITFEST 2ND LAST DAy || NEW !BitMenu !Bitfest !XP !Rewards !story),,,,
2022/06/23,I got COVID. BITFEST Day 3!,Art,,,
2022/06/19,Detention,Gaming,,,
2022/06/18,fIRST DAY OF BITFEST JUNE 2022 CELEBRATIONS (DAY 2),Gaming,,,
2022/06/18,fIRST DAY OF BITFEST JUNE 2022 CELEBRATIONS (DAY 2) P2,Gaming,,,
2022/06/16,New MakeOver + The Quarry,Gaming,,,
2022/06/14,missing (BIG ANNOUNCEMENTS FOR OUR 1.5 YEARS ON TWITCH || !Bitfest !look !tiktok !socials),,,,
2022/06/12,missing (WE SAVING OR K*LLING PPL?! WHICH IS OUR STRONGEST SUIT. THE QUARRY || !TikTok),,,,
2022/06/09,missing (FIRST TIME OBSERVATION DUTY 2! SPOT THE DIFFERENCE || !TikTok !Duty),,,,
2022/06/07,missing (VTUBER DEBUT!!!  Paid $6 /hr Intern Camera Guy at Haunted AirBNB  AKA Observation Duty 1 || !TikTok !Duty),,,,
2022/06/02,missing (REACTING TO THE VERDICT. PROTECT AND STEAL THE !VIPS. Life is Strange or Observation Duty?! || !TikTok !Lis !Duty),,,,
2022/05/31,missing (New Job doing Observation Duty. Need Help || !TikTok !YouTube !socials),,,,
2022/05/29,missing (LoL Player Learns Valorant and Commentates the Game || !TikTok !YouTube !socials),,,,
2022/05/26,missing (5 BRAIN CELLS GOING ON FOUR. HORROR GAME TIME  New TIKTOK  !game !tiktok !subathon),,,,
2022/05/24,My Friends Teach me Valorant. But I only LoL !API,Gaming,,,
2022/05/21,missing (IRL WITH FRIENDS. KBBQ RAVE.),,,,
2022/05/19,missing (Send Help. We playin Horror 2nite !game),,,,
2022/05/15,missing (🚨Don't touch grass. Play Zed instead !rank),,,,
2022/05/12,Poppy Playtime Chapter 2 🚨 Can't Flinch. Wont Flinch. Poppy yeet time. !game !rank,Gaming,,,
2022/05/10,Sponsored Art Stream Part 2 #Ad !streamloots !cards !subathon,Art,,,
2022/05/08,The Stanley Parable: Ultra Deluxe | May 2022 | T10Nat,Gaming,,,
2022/05/05,missing (TELL ME HOW TO LIVE MY BEST LIFE !game !stolen),,,,
2022/05/03,ENDING BIOSHOCK,Gaming,,,
2022/05/03,MAY: STEALING VIPS,Chatting,,,
2022/05/01,missing (How I met your cult STORYTIME + UNBOXING + UPDATE WITH TWITCH|| !VIP),,,,
2022/04/28,🚨THANKS FOR 6K!!🚨PEPEGA STREAMER🚨NEEDS LIFE COACH ON BIOSHOCK 🚨 || !save !pepega,Gaming,,,
2022/04/26,WE REACHED 6K!! PEPEGA STREAMER TRIES TO PLAY BIOSHOCK,Chatting,,,
2022/04/24,How to Eat Cereal | No food in house. PART 2,Gaming,,,
2022/04/21,How to Eat Cereal | No food in house. UberEats plz Sponsor me | TTS $2/200bits,IRL,,,
2022/04/19,FIRST SPONSORED ART STREAM?! #ad !StreamLoots !cards !ue5,Art,,,
2022/04/17,6K SOON?! BioShockingly PART 3/4,Gaming,,,
2022/04/14,missing (IRL HOT POT w/ me. Highlight my msg.  !hotpot !socials  TTS $3/300bits),IRL,,,
2022/04/10,NATS LAPTOP PRANK STORY,Chatting,,,
2022/04/08,BTS Podcast style of Twitch Streaming and each creator,Chatting,,,
2022/04/07,missing (1st IRL in Sydney - How to KBBQ w/ me || !socials !save !kbbq !squad),IRL,,,
2022/04/05,Reading what chat truly thinks of my streams !podcast !wish !save,Chatting,,,
2022/04/03,BioShock Part 2,Gaming,,,
2022/04/01,MOST PRODUCTIVE STREAM EVER WITNESSED |,Chicken,,Literally just a chicken,
2022/03/31,BIOSHOCK FIRST GAMEPLAY?! | VIPS ARE IN DANGER,Gaming,,,
2022/03/31,VIPS IN DANGER FIRST TIME?,Chatting,,,
2022/03/29,WOLF AMONG US FIRST PLAYTHRU PART 3,Gaming,,,
2022/03/27,missing (STORYTIME SUNDAY - My UBER Driver turned matchmaker and SETS me up w/ his son !story !art),Chatting,,,
2022/03/26,WOLF AMONG US FIRST PLAYTHRU PART 1,Gaming,,Actually part 2,
2022/03/24,WOLF AMONG US FIRST PLAYTHRU PART 1,Gaming,,,
2022/03/22,Finding the son that escaped Kumon. PART 3,Gaming,,,
2022/03/20,Smashing into glass doors ft. New characters | !t10 !mods !playlist,Chatting,,,
2022/03/17,Heavy Rain or Light Drizzle PART 2,Gaming,,,
2022/03/15,Heavy Rain or Light Drizzle PART 1,Gaming,,,
2022/03/11,MCGRATH EMOTE,Art,,,
2022/03/10,Asking some random asian to be my dad !mods !T10,Chatting,,,
2022/03/08,CIA turned XMEN Mutant roaming with Imaginary friend PART 4,Gaming,,,
2022/03/05,BEYOND THE BRAIN PART 3 ,Gaming,,,
2022/03/05,Trivia Project OCE,Chatting,,,
2022/03/03,BEYOND 2 BRAIN CELLS !game !MODS !VIP ,Gaming,,,
2022/03/03,BEYOND 2 BRAIN CELLS PART 2,Gaming,,,
2022/03/01,missing (NEW MONTH NEW ME. !VIP),,,,
2022/02/27,missing (U won't click this. | !giveaway !winners),,,,
2022/02/25,missing (art stream),,,,
2022/02/22,"missing (LoL makes me happy. Tough days, we need endorphins | !schedule)",,,,
2022/02/20,I'M FINALLY GONNA FIND MY MUM (Among the Sleep P3),Gaming,,,
2022/02/19,missing (Dying in the Light w/ Mod !DL2 !fight @),,,Ron guest stars,
2022/02/17,FINDING MY MUM. (Among the sheep p2),Gaming,,,
2022/02/15,What cost more? A fridge or family dinner,Chatting,,Nat banned for raid question,https://www.twitch.tv/t10nat/clip/SullenBrightMonkeyPhilosoraptor-wHtjPSPXztbjVq7I
2022/02/13,missing (HORROR SCREAMING NIGHT !collab !multi),,,,
2022/02/12,DR T10NAT,Chatting,,,
2022/02/08,AT DA BEACH BUT I CANT SWIM. SHORT STRIM,IRL,,,
2022/02/07,Gordon't Rasmey,IRL,,,
2022/02/06,missing (BIRTHDAY MESSAGES. CELEBRATION PART 3 ||  !fight !IQ !socials),,,,
2022/02/01,missing (no title or clips),,,,
2022/01/31,FIRST TIME IRL STREAMING! BIRTHDAY CELEBRATION PART 2 in Brisbane || !fight !IQ !socials,Travel,,,
2022/01/29,missing (BIRTHDAY CELEBRATION PART 1.  24 AND MY KNEES HURT. !24 !bday !fight !IQ !socials),,,,
2022/01/26,missing (NEXT STREAM IS BIRTHDAY STREAM!! !24 !bday !rank),,,,
2022/01/24,Butchering a chicken for the second time now. FNAF Border Patrol,Gaming,,,
2022/01/24,GOLD 2 SKIPPED DIVISION!,Gaming,,NC: Today!,
2022/01/23,missing (AUSTRALIAN BORDER PATROL GONE WRONG !24 !bday ),,,,
2022/01/21,Short Shift at Border Patrol !bday !24,Gaming,,,
2022/01/19,AUSTRALIAN BORDER PATROL Ft. A Surviving Bear,Gaming,,,
2022/01/17,Freddy yr suppose to be in lockdown! Vanessa ... but i'm a material Gurl💅,Gaming,,,
2022/01/16,FIRST RANKED LEAGUE GAMEPLAY EVER,Gaming,,,
2022/01/14,missing (Learn how to DRAW and BUTCHER art with me. !Art),,,,
2022/01/12,FNAF Border Patrol P2 Day Care,Gaming,,,
2022/01/12,Bajo: T-T-Tennet,,,,
2022/01/02,FNAF Border Security P1,Gaming,,,
2022/01/02,StoryTime: Daddy's Girl? Hell no,Chatting,,,
2022/01/01,[2022-JAN-1] Last stream of 2021,Chatting,,,
2021/12/27,[2022-JAN-1] CHICKEN-KUN YELLS MERRY XMAS,Chicken,,,
2021/12/23,[2022-JAN-1] Last stream of 2021,Chatting,,,
2021/12/22,"[2022-JAN-1] Story: Broken Window, Broken Braces + IG Imposter in 6 HRS",Chatting,,,
2021/12/20,[2022-JAN-1] Boris,Gaming,,,
2021/12/20,[2022-JAN-1] Story Time: Seggsy Legs,Chatting,,,
2021/12/19,missing ([AUS] MUKBANG + BLEACH?! + CAN WE MAKE IT OUT OF HERE?!?! || !PO),,,,
2021/12/17,[2022-JAN-1] 2 HR RAVE + EMOTE DESIGN,Chatting,,,
2021/12/15,[2022-JAN-1] Bendi Part 3,Gaming,,,
2021/12/15,[2022-JAN-1] Tell me your problems. Dr.T1ONa,Chatting,,,
2021/12/12,[2022-JAN-1] Bendi Part 2,Gaming,,,
2021/12/12,[2022-JAN-1] JUDGING TALENT ON TWITCH,Chatting,,,
2021/12/10,missing (DR.T10NAT: Life Advice || !tiktok !BitF !PO),,,,
2021/12/09,[2022-JAN-1] Bendi and the Cracked Mouse Part 1,Gaming,,,
2021/12/08,[2022-JAN-1] BitFest ALMOST OVER?,Chatting,,,
2021/12/06,missing (I'm a League of Legends Streamer. Change my mind || !BitF !PO),,,,
2021/12/05,[2022-JAN-1] Day 5/10 ANZBit Fest,Chatting,,,
2021/12/05,[2022-JAN-1] Day 5/10 ANZBit Fest: Mortuary Assistant,Gaming,,,
2021/12/03,ANZBit Fest Day 3: I GOT THE TALK FROM MUM 2/2,Chatting,,fragment,
2021/11/29,[2022-JAN-1] The Evil Within: THE END,Gaming,,,
2021/11/29,The Evil Within (Part 8) | November 2021 | T10Nat,Gaming,,,
2021/11/28,[2022-JAN-1] Evil Within: We're in the End Game,Gaming,,,
2021/11/28,The Evil Within (Part 7) | November 2021 | T10Nat,Gaming,,,
2021/11/26,[2022-JAN-1] SHORT STORY: WHY MY MORNING SUCKED,Chatting,,,
2021/11/24,The Evil Within (Part 6) | November 2021 | T10Nat,Gaming,,,
2021/11/23,[2022-JAN-1] New Sub Badges Stream 1/2,Chatting,,missing part of darkness within and or yakuza?,
2021/11/21,[2021-DEC-4] DARQ Gameplay,Gaming,,,
2021/11/19,[2021-DEC-4] [PART 2] 1 YEAR ANNIVERSARY AND TWITCH PARTNER CELEBRATION! !1year !tiktok,Chatting,,,
2021/11/17,[2021-NOV-19] 1 YEAR ANNIVERSARY AND TWITCH PARTNER CELEBRATION! || NEW HAIR NEW ME? !confess !1year,Chatting,,,
2021/11/15,[2022-JAN-1] 2 Emotes CRY and SHOOKED,Chatting,,,
2021/11/14,The Evil Within (Part 5) | November 2021 | T10Nat,Gaming,,,
2021/11/12,[2022-JAN-1] CONFESSING EMBARRASSING STORIES?,Chatting,,,
2021/11/10,[2021-NOV-11] NAT CRIES OVER HER FIRST TOASTER + The Evil Within Part 4,Gaming,,,
2021/11/08,[2022-JAN-1] Reacting to CodeMiko ,Chatting,,fragment,
2021/11/08,Mission Impossible Staff Room Story,,,,
2021/11/05,[2021-NOV-8] POPPY PLAYTIME + Story Time (First Job),Gaming,,,
2021/11/05,[2022-JAN-1] Poppy Playtime,Gaming,,,
2021/11/05,missing (HOW NOT TO ANSWER ON A GAMESHOW || !guest !confess),,,,
2021/11/03,[2021-NOV-4] Story: The Train Package P1,Chatting,,,
2021/11/03,[2021-NOV-4] Story: The Train Package P2,Chatting,,,
2021/11/03,[2021-NOV-4] Story: The Train Package P3 ,Chatting,,,
2021/11/01,[2021-NOV-8] House of Asses: Trying to get a better ending PART 3,Gaming,,,
2021/10/31,[2021-NOV-2] House of Ashes Part 2,Gaming,,,
2021/10/29,missing (Co Working (I dont want to lose my job) stream | !work !project),,,,
2021/10/27,[2021-NOV-02] House of Ashes P1,Gaming,,,
2021/10/25,missing (POR FAVOR I HATE HORROR | !1year !pkmn !confess !pray),,,,
2021/10/24,missing (SEND YOUR PRAYERS BECAUSE THE EVIL WITHIN OBS| !1year !pkmn !pray),,,,
2021/10/22,The Evil Within (Part 3) | October 2021 | T10Nat,Gaming,,,
2021/10/20,The Evil Within (Part 2) | October 2021 | T10Nat,Gaming,,,
2021/10/18,missing ([OCE/AR] HOW NOT TO PLAY A HORROR GAME. | !1year !pokedex !project),,,,
2021/10/17,missing ([OCE/AR] BACK TO CRYING WHILE DYING IN GAME| !opsong !pokedex),,,,
2021/10/15,missing ([OCE/AR] YAKUZA GANG | !opsong !pokedex),,,,
2021/10/13,missing ([OCE/LG AHHAA] YAKUZZZZA kiwamiiiiiii | FIGHTU! project !socials !discord !pokedex),,,,
2021/10/11,missing ([OCE/AR] SHORT STRIM T10BRO'S EMERGENCY | HE NEEDS HW HELP | project !socials !discord),,,,
2021/10/10,missing ([OCE/AR] SEND SOME HOLY WATER TO ME PLS | project !socials !discord),,,,
2021/10/08,missing ([AR] SPIN THE DAMN WHEEL + I AM THE YAAAKUZAA [KIWAMI!] | !SPIN !project !socials !discord),,,,
2021/10/06,missing ([AR] Long Cursed stream + PsychoNAT + Blursed Emote Designs | Long Stream | !project !socials !discord),,,,
2021/10/04,missing ([AR] My parents finally said good job | Short Stream - Work due in 12 hours | !project !socials !discord),,,,
2021/10/01,missing ([AR] I'm McLovin' the Chaos | Short Stream | !project !socials !discord),,,,
2021/09/29,[2021-OCT-04] Draw my Life,,,,
2021/09/21,[2021-SEP-23] 24HR SUBATHON Part 2 (The Finale) (Part 1/2),,,,
2021/09/21,[2021-SEP-23] 24HR SUBATHON Part 2 (The Finale) (Part 2/2),,,,
2021/09/17,[2021-SEP-20] SECRET PROJECT RELEASE STREAM [HIGHLIGHT] (Part 1/3),,,,
2021/09/17,[2021-SEP-20] SECRET PROJECT RELEASE STREAM [HIGHLIGHT] (Part 2/3) ,,,,
2021/09/17,[2021-SEP-20] SECRET PROJECT RELEASE STREAM [HIGHLIGHT] (Part 3/3),,,,
2021/09/13,missing (YAKUZA NO MORE?! | LAST STREAM?! | !YAKUZA !SUBATHON !PARTNER),,,,
2021/09/12,missing (WE'RE IN THE END GAME NOW | 3hr stream | !YAKUZA !SUBATHON !PARTNER),,,,
2021/09/10,missing (SECRET PROJECT + SUBATHON RELEASE DATE | !project !art !socials !name),,,,
2021/09/06,missing (PsychoNAT Intern turned YAKUZA. | !project),,,,
2021/09/03,missing (CHAT HOLDING ME HOSTAGE FOR THIS HORROR GAME. | !Evil !Project !Schedule !Collab),,,,
2021/08/30,The Evil Within (Part 1) | August 2021 | T10Nat,,,,
2021/08/29,missing (I AM THE YAKUZA!| EVIL WITHIN GAMEPLAY COMING NEXT STREAM?! FK. | !project !schedule !Collab !game),,,,
2021/08/27,missing (SECRET ENDING TO TWELVE MINUTES?! THERE WAS MORE?! !project !schedule !Collab !YAKUZA),,,,
2021/08/25,missing (no title),,,,https://www.twitch.tv/t10nat/clip/InterestingGloriousLorisKeyboardCat-lMt27MqQ3vhl3XOn
2021/08/23,missing (New Bit Emote?! !project !schedule !Collab),,,,
2021/08/22,[2021-SEP-02] FIND YOURSELF gameplay,,,,
2021/08/20,missing (EVERY SECOND COUNTS. HELP ME.| !game !project),,,,
2021/08/16,missing (HOT YAKUZA TIME! | !yakuza !discord !yamete),,,,
2021/08/15,missing (TATTOO'D YAKUZA ONLY?! | !yakuza !discord !yamete),,,,
2021/08/13,missing (WE'RE IN THE END GAME NOW | DEVOTION + YA KUZAAA !devotion !why !socials),,,,
2021/08/11,[2021-AUG-12] I ACCIDENTALLY DELETED THE GAME. DEVOTED TO DEVOTION,,,,
2021/08/08,[2021-AUG-08] LUNCH LADY FIRST PLAY,,,,
,,,,,
2021/08/02,[2021-JUL-8] THIS GAME WAS REMOVED FROM STEAM - DEVOTION | YAKUZA,,,,
2021/08/01,[2021-AUG-03] KOI TATTOO'D YA KUZA! | NEW TIER 1 EMOTE | HORROR GUEST STREAM?! | !socials !game !yam,,,,
2021/07/30,missing (MORE EMOTES?! | NEW TOP CLIPS OF THE MONTH | !art !socials),,,,
2021/07/28,missing (YA KUZA! T10 YAKUZA GANG! | !yamete !game !cheaper !discord !prime),,,,
2021/07/26,[2021-JUL-27] FIRST 'COSPLAY' EVER!! | YAKUZA COSPLAY TO EMBODY THE GAME | !game !cheaper !discord !,,,,
2021/07/25,missing (Learning Art from scratch | !Art !socials !discord),,,,
2021/07/23,"missing (Discord Project ReLaunch! One Project Down, one more to release! | !discord !socials !project)",,,,
2021/07/18,missing (CHICKEN STREAM (Highly Requested) | !playlist !break),,,,
2021/07/16,[2021-JUL-19] Highlight: The Health Impacts of Twitch Streaming | BTS of Streaming | !Socials,,,,
2021/07/14,missing (2ND TIME OSU - HARD MAPS ONLY?! | !osu !pass !socials),,,,
2021/07/12,missing (FINDING GRANDMA - VISAGE CHAPTER 2 | FIRST TIME OSU HELP ME | !socials !project),,,,
2021/07/09,missing (SCREAMING FOR THE CONTENT | VISAGE CHAPTER 2 - NAT CRIES | !yeet),,,,
2021/07/07,missing (PRODUCTIVITY WITH ANIME | PRACTISING ART WITH ANIME OSTS | !socials),,,,
2021/07/05,[2021-JUL-19] Little MisfortuNAT gameplay,,,,
2021/07/04,[2021-JUL-05] 'THE LAST STAND' - ENDING  'THE MEDIUM' GAMEPLAY!!!,,,,
2021/07/02,missing (SCARED HORROR GAMES | The Medium + The Visage |),,,,
2021/06/30,[2021-JUL-1] SCREAMING TILL IM BALD | The Medium,,,,
2021/06/27,missing (STORYTIME - HOW I FAKED BEING A LIBRARIAN ASSISTANT),,,,none
2021/06/25,missing (SCREAMING AT CHILDREN. VISAGE PART 2 | GARTIC LEVEL 17 | GEOGUESSER | BRB SCREEN NOW FINISHED! - !yeet each scream),,,,https://clips.twitch.tv/CrowdedGoldenLasagnaRaccAttack-f7gnUZCjcTUGdf2k?tt_content=channel_name&tt_medium=embed
2021/06/23,missing (I need to BLINK for this game? | More ART Streams + NEW EMOTE DROPPED | | More Just Chatting? | Tough 1.5months),,,,https://clips.twitch.tv/PolishedShortMosquitoUWot-b_CmdQqAyfp6zR4O?tt_content=channel_name&tt_medium=embed
2021/06/21,missing (FREQUENTLY LOST. NEW GAME TONIGHT AND NEW FREE EMOTE! | HOLD MY HANDS | !Project !Quote),,,,https://clips.twitch.tv/AlertGracefulPorcupineCoolStoryBro-LSm1MiJiZz1oyGI3?tt_content=channel_name&tt_medium=embed
2021/06/20,missing (2K LET'S ADD MORE CURSED EMOTES | BLESS EM CHAT | !Project !Quote),,,,https://clips.twitch.tv/BashfulOutstandingBillPipeHype-B4EG0WORDsEgQDSJ?tt_content=channel_name&tt_medium=embed
2021/06/18,missing (ID DO ANYTHING FOR PRESTIGE ZED | 6+ HOUR STREAM! | !Project),,,,https://clips.twitch.tv/AlluringSpotlessAntPermaSmug-OD3Y_KKvP1g_mNvZ?tt_content=channel_name&tt_medium=embed
2021/06/16,The Stanley Parable | June 2021 | T10Nat,Gaming,,,
2021/06/14,[2021-JUN-16] HOW I GOT MY BULLIES EXPELLED,Chatting,,,
2021/06/11,[2021-JUN-24] YA DES! SAY NO MORE,Gaming,,,
2021/06/09,missing (THERE'S NO HORROR UNLESS A CHILD'S INVOLVED | !YouTube !TikTok !quote),,,,https://clips.twitch.tv/BitterIgnorantCockroachTBTacoLeft-2YRxP2HfaazhMmTd?tt_content=channel_name&tt_medium=embed
2021/06/07,[2021-JUN-8] VISAGE and GEOGUESSER First Time,,,,
2021/06/06,[2021-JUN-8] I applied for the same job as my friends to help them get the job,,,,
2021/06/04,missing (I WAS HELD HOSTAGE FOR 8 HOURS| !tiktok !youtube !quote !yeet),,,,https://clips.twitch.tv/DependableAstuteMangoANELE-R4so9_Er3k6mCVwA?tt_content=channel_name&tt_medium=embed
2021/06/02,missing (YEETING CHILDREN IS WHAT I LIVE FOR ! !tiktok !youtube !quote !yeet),,,,https://clips.twitch.tv/EncouragingLuckySrirachaNomNom-n3VyIPqnAUYJSxE8?tt_content=channel_name&tt_medium=embed
2021/05/31,missing (I WANT TO BE A GOAT WHEN I GROW UP |  !quote !tyoutube !tiktok),,,,https://clips.twitch.tv/CreativeClearWalrusDancingBanana-CcL-JV_NoABq-WDV?tt_content=channel_name&tt_medium=embed
2021/05/30,missing (SPYING ON MY NEIGHBORS LIKE MY ASIAN AUNTY | !int !quote !tyoutube !tiktok),,,,https://clips.twitch.tv/HandsomeCreativeInternOSsloth-Ec8ywyQE_CEYloCN?tt_content=channel_name&tt_medium=embed
2021/05/26,[2021-MAY-27] I TOLD MY ASIAN PARENTS I WANT TO BE A STREAMER | BACK TO CORPORATE?! | !int !quote !t,,,,
2021/05/24,missing (CONFUSED streamer PROVIDES BEST GAMEPLAY CONTENT 11/10| !int !quote !tiktok !youtube !yeet the child),,,,https://clips.twitch.tv/SlickHappyCaterpillarHassaanChop-BuZD0hR8UnWWY-f4?tt_content=channel_name&tt_medium=embed
2021/05/23,missing (IS FULL TIME CONTENT CREATOR POSSIBLE?! SPREAD THE NEWS! | !int !tiktok !youtube !socials !hype3),,,,https://clips.twitch.tv/DeliciousRoundOkapiBrainSlug-vU41m4SNpfghggpk?tt_content=channel_name&tt_medium=embed
2021/05/17,[2021-MAY-19] 6 MONTH TWITCH STREAM ANNIVERSARY! | Pyramid Scheme StoryTime,,,,
2021/05/16,missing (DIRECTIONALLY CHALLENGED AND GETS WHOOPED BY MONKEYS?! | !tiktok !socials !hug or !yeet others in chat),,,,https://clips.twitch.tv/JoyousCourageousCattleKreygasm-hjyrJ3QbnmZd0zL9?tt_content=channel_name&tt_medium=embed
2021/05/14,[2021-MAY-22] RESIDENT EVIL VILLAGE FINAL PART,,,,
2021/05/13,missing (JESUS TAKE THE WHEEL! | !collab !tiktok !socials !hug or !yeet others in chat),,,,https://clips.twitch.tv/WildFamousChamoisFeelsBadMan-dx5tdJKK7pl0jcRl?tt_content=channel_name&tt_medium=embed
2021/05/12,[2021-MAY-22] RESIDENT EVIL VILLAGE PART 3,,,,
2021/05/10,[2021-MAY-22] RESIDENT EVIL VILLAGE PART 2,,,,
2021/05/09,[2021-MAY-22] RESIDENT EVIL VILLAGE PART 1,,,,
2021/05/07,missing (HOW I ENDED UP IN THE E.R | !tiktok !socials !hug),,,,https://clips.twitch.tv/AmazonianBoringSandpiperDoritosChip-6nG9M42F3LHVUYpG?tt_content=channel_name&tt_medium=embed
2021/04/30,[2021-MAY-5] Horror Highlight: Chased by Monkeys | !socials,,,,
2021/04/26,missing (IM PLAYING A HORROR GAME ALONE! ALERTS ON. BITS AND REDEMPTIONS | CO-STUDY STREAM NEXT !socials !youtube !discord),,,,https://clips.twitch.tv/SleepyStormyDiamondPicoMause-7yZ_JkBcXZCmvYCL?tt_content=channel_name&tt_medium=embed
2021/04/25,missing (HOW TO ACTUALLY NOT PLAY PACIFY | !multi !yeet each time I scream !socials !youtube !discord),,,,https://clips.twitch.tv/VibrantHeadstrongCurryAMPEnergyCherry-Zj8nbPjcdBkyFlyj?tt_content=channel_name&tt_medium=embed
2021/04/23,missing (TOP CLIPS OF MARCH! HOT TUB RELEASE | !yeet !socials !discord),,,,
2021/04/21,missing (HOT TUB ARTIST | !yeet !socials !discord),,,,https://clips.twitch.tv/DeterminedUglyCaterpillarPanicVis-HZ0himR-28H_xdZ8?tt_content=channel_name&tt_medium=embed
2021/04/18,[2021-MAY-1] HOW I ACCIDENTALLY WENT ON A DATE - HOT TUB EDITION | !yeet !socials,,,Actual Part 2,
2021/04/18,Storytime: Why I HATE Magicians (Part 1) | April 2021 | T10Nat,,,,
2021/04/18,Storytime: Why I HATE Magicians (Part 2) | April 2021 | T10Nat,,,Actual Part 3,
2021/04/16,missing (Dr.Nat ready to chat with u! | !yeet),,,,https://clips.twitch.tv/ShortHappyPelicanPartyTime-93GtxvUV0lbhOP1i?tt_content=channel_name&tt_medium=embed
2021/04/14,missing (IMMA YEET THIS KID OUTTA HERE! | !yeet),,,,https://clips.twitch.tv/ImpossibleSuspiciousSheepCoolStoryBro-VWk_xvGqbrbaNvxL?tt_content=channel_name&tt_medium=embed
2021/04/12,missing (Co-Study! Be Productive Together | !socials !discord !youtube),,,,https://clips.twitch.tv/SuccessfulFunnyDogRlyTho-Wt5iN_6ZsMM8QBOc?tt_content=channel_name&tt_medium=embed
2021/04/11,missing (SO TIRED FROM THE SCREAMNING| !socials !discord !youtube),,,,https://clips.twitch.tv/TacitColdParrotTBTacoRight-mKkPPxDopsoFD0Qf?tt_content=channel_name&tt_medium=embed
2021/04/08,missing (I STABBED MY EYE. HORROR STORIES? | !socials !discord !youtube),,,,https://clips.twitch.tv/PreciousSmoggyEagleBudBlast-SaM-20nYc5MnhMOB?tt_content=channel_name&tt_medium=embed
2021/04/05,missing (SUBATHON IS OVER! WHAT WENT DOWN | !socials !discord !youtube),,,,https://clips.twitch.tv/ExcitedThirstyLadiesHumbleLife-itZCgXRVwLoeZPp9?tt_content=channel_name&tt_medium=embed
2021/04/02,missing (FIRST SUBATHON EVER! [12HR CAP] CELEBRATING 1K TOGETHER |  !subathon !subgoals !socials !discord !youtube),,,,https://clips.twitch.tv/SillyDeterminedGoatDoggo-701mfKhf967Le3a4?tt_content=channel_name&tt_medium=embed
2021/04/01,missing (BIG ANNOUNCEMENT!!!  | !yeet !discord !socials),,,,https://clips.twitch.tv/LuckySpineyCrocodileStinkyCheese-ViReXPJNTx2ONQwj?tt_content=channel_name&tt_medium=embed
2021/03/31,missing (SUBATHON PREPARATION! ITS COMING EVERYONE | !yeet !discord !socials),,,,https://clips.twitch.tv/GlamorousSpinelessDragonOhMyDog-X4EpVbNRzx5MFxw_?tt_content=channel_name&tt_medium=embed
2021/03/29,missing (SPECIAL STREAM! HORROR STREAM WITH A TWIST? | !yeet !discord !socials),,,,https://clips.twitch.tv/AverageArtisticBaboonBrokeBack-nDRyb2kiJTcBBRZf?tt_content=channel_name&tt_medium=embed
2021/03/26,[2021-MAR-29] FNAF 4 SUFFERING,,,,
2021/03/24,missing (We Need To Talk. |!socials !discord),,,,https://clips.twitch.tv/HilariousCrunchyFiddleheadsDoritosChip-wBvK96BujS3fRBs6?tt_content=channel_name&tt_medium=embed
2021/03/22,[2021-MAR-29] LEFT 4 DEAD 2 BUT RUINED BY TELLYTUBBIES AND SHREK?,,,,
2021/03/21,missing (HOW TO CHOP A CHICKEN ft. STORYTIME LATER | !yeet !discord !socials),,,,https://clips.twitch.tv/AntsyResoluteCrocodileRalpherZ-EN2-UmrSzgr6IGFT?tt_content=channel_name&tt_medium=embed
2021/03/19,missing (SACRIFICE YOURSELF! I'M NOT DYING TODAY TO A DAMN GOAT| !collab !discord !yeet),,,,https://clips.twitch.tv/TriangularEvilZebraDancingBaby-RmD6RmRspiWPHN1O?tt_content=channel_name&tt_medium=embed
2021/03/17,"missing (SLEEPING, DREAMING AND WON'T WOKE UP WEEPING | 4-MONTH ANNIVERSARY | !sr !socials !discord !yeet)",,,,https://clips.twitch.tv/ExpensiveObeseSrirachaDBstyle-vx8TwAN9HDk9eNUc?tt_content=channel_name&tt_medium=embed
2021/03/15,"missing (COOKED, CRACKED AND WON'T COME BACK! | !collab !multi !socials)",,,,https://clips.twitch.tv/EphemeralOptimisticWolfMikeHogu-En0TSb9pqODIZ-cp?tt_content=channel_name&tt_medium=embed
2021/03/13,[2021-MAR-20] IM ON A DATING SHOW! THE BACHELOR SUB OR LOVE | !yeet !youtube !socials,,,,
2021/03/10,missing (MANNEQUIN's AS$ IS COMING FOR ME | !yeet !youtube),,,,https://clips.twitch.tv/CuriousAssiduousMilkTheRinger-NwWIVdHhLWI4mX1V?tt_content=channel_name&tt_medium=embed
2021/03/08,[2021-MAR-20] HOW MY DAD LEFT ME AT SCHOOL,,,FIRST STORY-TIME!,
2021/03/07,missing (THE BLIND LEADING THE BLIND | !collab !yeet !bttv !youtube),,,,https://clips.twitch.tv/TolerantZanyRuffBatChest-2Uke4fjr451p87i1?tt_content=channel_name&tt_medium=embed
2021/03/03,missing (THE PRODIGAL STREAMER HAS RETURNED BUT DEAD | !youtube !yeet !bttv),,,,https://clips.twitch.tv/LazyNeighborlyKleeDxCat-5XOQlk0TD94BEVM_?tt_content=channel_name&tt_medium=embed
2021/02/25,missing (YEETING A CHILD OVER AND OVER | !yeet !bttv !youtube !socials !discord),,,,https://clips.twitch.tv/SecretiveSpookySamosaSuperVinlin-0dDwpbVaB3B563Nr?tt_content=channel_name&tt_medium=embed
2021/02/24,"missing (IM TELLING U, THEY'RE GONNA DIE | !youtube !socials !discord !YEET)",,,,https://clips.twitch.tv/MoralTemperedCurryUWot-whdo16heTRlvTX1l?tt_content=channel_name&tt_medium=embed
2021/02/22,missing (EVERYONES GONNA DIE Ft. My Uncoordinated Self | !youtube !socials !discord !YEET),,,,https://clips.twitch.tv/StrongSmilingBeaverOptimizePrime-giAluwFd6brwotfZ?tt_content=channel_name&tt_medium=embed
2021/02/19,missing (HOW TO BOB ROSS?! Ft. FIRST TIME SCREEN TABLET !discord !socials !yeet),,,,https://clips.twitch.tv/AthleticPiliableWolverineDogFace-DAlVx7XYsDwlj9vv?tt_content=channel_name&tt_medium=embed
2021/02/17,[2021-FEB-18] 3 MONTH STREAM ANNIVERSARY | CELEBRATION X NEW UNQIUE CONTENT?! !youtube !discord !soc,,,,
2021/02/14,missing (VALENTINE SPECIAL = YEETING CHILDREN IN LITTLE NIGHTMARES II | !yeet !discord !socials),,,,https://clips.twitch.tv/NurturingConcernedCobblerPermaSmug-2hKUA52jo0jrSZ49?tt_content=channel_name&tt_medium=embed
2021/02/12,missing (YEETING CHILDREN IN LITTLE NIGHTMARES FROM A GAME DESIGNER | GOTTA CATCH EM' ALL !yeet !discord !socials),,,,https://clips.twitch.tv/FastArtsyManateeStinkyCheese-nQJi4bxVnvsVncTL?tt_content=channel_name&tt_medium=embed
2021/02/11,[2021-FEB-12] SURPRISE STREAM?! | NAT GETS INVITED TO A PODCAST? !collab,,,,
2021/02/10,[2021-FEB-16] GET ME OUT OF THIS CURSED GAME | SCUFFED COLLAB !collab,,,,
2021/02/08,missing (SO I FKED UP THE DLC GAMEPLAY | CHAOTIC STREAM WEEK !discord),,,,https://clips.twitch.tv/LightImportantCaribouStoneLightning?tt_content=channel_name&tt_medium=embed
2021/02/07,missing (RECOVERED FROM BIRTHDAY | CRYING AND DYING DLC VERSION !DISCORD),,,,https://clips.twitch.tv/CrazyCoweringDuckVoHiYo?tt_content=channel_name&tt_medium=embed
2021/02/05,missing (RECOVERING FROM BIRTHDAY STREAM STILL | WHAT IS HAPPENING?),,,,https://clips.twitch.tv/IcyCogentLadiesWow?tt_content=channel_name&tt_medium=embed
2021/02/03,missing (GAMES DESIGNER GETS MENTORED HOW TO VALORANT | CHAOTIC AND STRESSFUL STREAM),,,,https://clips.twitch.tv/StylishInspiringBibimbapCoolStoryBro?tt_content=channel_name&tt_medium=embed
2021/01/31,missing (FIRST BIRTHDAY STREAM EVER! | UNIQUE STREAM JUST FOR TODAY | !discord !squad),,,,https://clips.twitch.tv/FantasticAliveWaffleRedCoat?tt_content=channel_name&tt_medium=embed
2021/01/28,[2021-FEB-8] PHASMO,,,,
2021/01/25,missing (Pro GAmEr StREaMEr | !discord [AUS/OCE]),,,,https://www.twitch.tv/t10nat/clip/LightBeautifulGrasshopperCoolStoryBro
2021/01/24,missing (CURSED STREAMER X CHAOTIC CHAT?! | jks chill strim ???),,,,https://www.twitch.tv/t10nat/clip/SmokyPlumpPepperChefFrank
2021/01/22,missing (NEW STREAMER WHO DIS?! | 1 WEEK LEFT TILL B'DAY STREAM),,,,https://www.twitch.tv/t10nat/clip/LazyInspiringJuiceAMPTropPunch
2021/01/20,missing (TOP 10 ZED OCE? | INTING OR CARRYING?!),,,,https://clips.twitch.tv/GlamorousWittySharkPhilosoraptor?tt_content=channel_name&tt_medium=embed
2021/01/18,missing (CRIES IN INCOMPETENCE | BLESS YO EYES UPON THIS STREAM),,,,https://clips.twitch.tv/ToughMistySpiderTriHard?tt_content=channel_name&tt_medium=embed
2021/01/17,missing (2 MONTH STREAM ANNIVERSARY | SCUFFED AF),,,,https://clips.twitch.tv/ImpossibleEnjoyableAlpacaPeanutButterJellyTime?tt_content=channel_name&tt_medium=embed
2021/01/14,missing (SACRIFICE YOURSELF | COME CRI WITH ME),,,,https://clips.twitch.tv/ExcitedBlitheChipmunkFailFish?tt_content=channel_name&tt_medium=embed
2021/01/13,missing (SCUFFED STREAM = SCUFFED STREAMER | Chat? [AUS]),,,,https://clips.twitch.tv/CuteKindGoshawkAliens?tt_content=channel_name&tt_medium=embed
2021/01/10,missing (DnM Talk | Chat and cri with me 2021),,,,https://clips.twitch.tv/SweetColdbloodedBoarDBstyle?tt_content=channel_name&tt_medium=embed
2021/01/07,missing (GET THE F*K OUT?! | FIRST CRYING X GTFO),,,,https://clips.twitch.tv/ZealousThoughtfulMangoSwiftRage?tt_content=channel_name&tt_medium=embed
2021/01/05,missing ([AUS] NEW YEAR SAVE ME | WHERE'S DORITO? SEARCH PARTY NEEDED),,,,https://www.twitch.tv/t10nat/clip/HealthyFunnySpiderItsBoshyTime
2021/01/03,missing (FIRST GAME OF 2021 | STREAMING AT THE SUPERMARKET),,,,
2021/01/01,missing (NEW YEAR NEW ME? | WHAT'S THE PLAN? ),,,,
2020/12/24,missing (DNM 2021 RESOLUTIONS?! | Emotes + Stream Upgrades),,,,https://www.twitch.tv/t10nat/clip/KindCreativeTardigradeStoneLightning
2020/12/18,missing (100 SUB CELEBRATION | EMOTES + LOL),,,,no clips
2020/12/17,missing (1 MONTH STREAM ANNIVERSARY | !discord - Post sound test),,,,https://clips.twitch.tv/ResourcefulEnchantingLasagnaBatChest?tt_content=channel_name&tt_medium=embed
2020/12/13,missing (INTING BUT CARRYING),,,,https://clips.twitch.tv/DrabUnusualEyeballOSfrog?tt_content=channel_name&tt_medium=embed
2020/12/10,missing (FINDING KEANU REEVES),,,,https://clips.twitch.tv/CaringProudLorisBrainSlug?tt_content=channel_name&tt_medium=embed
2020/12/08,missing (DROPKICKING THE BEST TWITCH EMOTES),,,,https://www.twitch.tv/t10nat/clip/RelatedCourteousLarkANELE
2020/12/06,missing (BLESSING U WITH PLAYS),,,,
2020/12/03,Highlight: I CANNOT DO HORROR - FIRST TIME GHOST BUSTER,,,,https://www.twitch.tv/t10nat/clip/ThankfulTrappedIguanaStoneLightning
2020/12/01,Highlight: IM AFFILIATE BUT NOT?,,,,https://www.twitch.tv/t10nat/clip/KathishRoundDogeSpicyBoy
2020/11/29,missing (LAST STREAM B4 AFFILIATE),,,,https://www.twitch.tv/t10nat/clip/SmellyVastSeahorseJebaited
2020/11/27,missing (HOW NOT TO PLAY SUPPORT - WII WATCH PARTY ),,,,https://www.twitch.tv/t10nat/clip/RealIncredulousWasabiGOWSkull
2020/11/26,"missing (NEW CHAIR, NEW HAIR, IM COOKING IN DESPAIR)",,,,
2020/11/24,missing (NEW CHAIR WHO DIS),,,,https://www.twitch.tv/t10nat/clip/SlickColdbloodedRedpandaDendiFace
2020/11/22,missing (HOW NOT TO PLAY LEAGUE OF LEGENDS ),,,,https://www.twitch.tv/t10nat/clip/AwkwardWanderingYamRedCoat
2020/11/19,missing (DRIVING TO COLES TO BUY PRINGLES - come join me),,,,
2020/11/17,missing (FIRST TIME TWITCH STREAMING - Join me in COLES),,,,https://www.twitch.tv/t10nat/clip/ImpossibleAssiduousGazelleStoneLightning
